"@timestamp","_id","_index","_score","agent.ephemeral_id","agent.hostname","agent.id","agent.name","agent.type","agent.version","ecs.version","error.message","event.dataset","event.ingested","event.module","event.original","event.timezone","fileset.name","host.architecture","host.containerized","host.hostname","host.ip","host.mac","host.name","host.os.codename","host.os.family","host.os.kernel","host.os.name","host.os.name.text","host.os.platform","host.os.type","host.os.version","input.type","log.file.path","log.offset","service.type"
"Oct 26, 2022 @ 03:00:10.150","_HCEEIQBIBAo7axPSp2b",".ds-filebeat-8.4.3-2022.10.25-000001","-","6343ae4e-0ee5-43d9-9891-576b2b8f9653","Web_Server","50e17b80-cb5c-4305-8a01-dd532eb63d4f","Web_Server",filebeat,"8.4.3","8.0.0","Provided Grok expressions do not match field value: [Oct 25 19:00:01 Web_Server CRON[22378]: pam_unix(cron:session): session opened for user root by (uid=0)]","system.auth","Oct 26, 2022 @ 03:00:16.154",system,"Oct 25 19:00:01 Web_Server CRON[22378]: pam_unix(cron:session): session opened for user root by (uid=0)","+00:00",auth,"x86_64",true,"Web_Server","172.24.2.100","02:42:ac:18:02:64","Web_Server",xenial,debian,"4.15.0-58-generic",Ubuntu,Ubuntu,ubuntu,linux,"16.04.6 LTS (Xenial Xerus)",log,"/var/log/auth.log","38,815",system
"Oct 26, 2022 @ 02:57:05.032",8nCBEIQBIBAo7axPY530,".ds-filebeat-8.4.3-2022.10.25-000001","-","6343ae4e-0ee5-43d9-9891-576b2b8f9653","Web_Server","50e17b80-cb5c-4305-8a01-dd532eb63d4f","Web_Server",filebeat,"8.4.3","8.0.0","Provided Grok expressions do not match field value: [Oct 25 18:57:01 Web_Server CRON[21245]: pam_env(cron:session): Unable to open env file: /etc/default/locale: No such file or directory]","system.auth","Oct 26, 2022 @ 02:57:06.035",system,"Oct 25 18:57:01 Web_Server CRON[21245]: pam_env(cron:session): Unable to open env file: /etc/default/locale: No such file or directory","+00:00",auth,"x86_64",true,"Web_Server","172.24.2.100","02:42:ac:18:02:64","Web_Server",xenial,debian,"4.15.0-58-generic",Ubuntu,Ubuntu,ubuntu,linux,"16.04.6 LTS (Xenial Xerus)",log,"/var/log/auth.log","37,963",system
"Oct 26, 2022 @ 02:59:05.137","-HCDEIQBIBAo7axPOZ0c",".ds-filebeat-8.4.3-2022.10.25-000001","-","6343ae4e-0ee5-43d9-9891-576b2b8f9653","Web_Server","50e17b80-cb5c-4305-8a01-dd532eb63d4f","Web_Server",filebeat,"8.4.3","8.0.0","Provided Grok expressions do not match field value: [Oct 25 18:59:01 Web_Server CRON[22024]: pam_env(cron:session): Unable to open env file: /etc/default/locale: No such file or directory]","system.auth","Oct 26, 2022 @ 02:59:06.140",system,"Oct 25 18:59:01 Web_Server CRON[22024]: pam_env(cron:session): Unable to open env file: /etc/default/locale: No such file or directory","+00:00",auth,"x86_64",true,"Web_Server","172.24.2.100","02:42:ac:18:02:64","Web_Server",xenial,debian,"4.15.0-58-generic",Ubuntu,Ubuntu,ubuntu,linux,"16.04.6 LTS (Xenial Xerus)",log,"/var/log/auth.log","38,441",system
"Oct 26, 2022 @ 03:00:10.150","-3CEEIQBIBAo7axPN50R",".ds-filebeat-8.4.3-2022.10.25-000001","-","6343ae4e-0ee5-43d9-9891-576b2b8f9653","Web_Server","50e17b80-cb5c-4305-8a01-dd532eb63d4f","Web_Server",filebeat,"8.4.3","8.0.0","Provided Grok expressions do not match field value: [Oct 25 19:00:01 Web_Server CRON[22378]: pam_env(cron:session): Unable to open env file: /etc/default/locale: No such file or directory]","system.auth","Oct 26, 2022 @ 03:00:11.152",system,"Oct 25 19:00:01 Web_Server CRON[22378]: pam_env(cron:session): Unable to open env file: /etc/default/locale: No such file or directory","+00:00",auth,"x86_64",true,"Web_Server","172.24.2.100","02:42:ac:18:02:64","Web_Server",xenial,debian,"4.15.0-58-generic",Ubuntu,Ubuntu,ubuntu,linux,"16.04.6 LTS (Xenial Xerus)",log,"/var/log/auth.log","38,680",system
"Oct 26, 2022 @ 02:58:10.054",9XCCEIQBIBAo7axPYZ38,".ds-filebeat-8.4.3-2022.10.25-000001","-","6343ae4e-0ee5-43d9-9891-576b2b8f9653","Web_Server","50e17b80-cb5c-4305-8a01-dd532eb63d4f","Web_Server",filebeat,"8.4.3","8.0.0","Provided Grok expressions do not match field value: [Oct 25 18:58:01 Web_Server CRON[21707]: pam_env(cron:session): Unable to open env file: /etc/default/locale: No such file or directory]","system.auth","Oct 26, 2022 @ 02:58:11.067",system,"Oct 25 18:58:01 Web_Server CRON[21707]: pam_env(cron:session): Unable to open env file: /etc/default/locale: No such file or directory","+00:00",auth,"x86_64",true,"Web_Server","172.24.2.100","02:42:ac:18:02:64","Web_Server",xenial,debian,"4.15.0-58-generic",Ubuntu,Ubuntu,ubuntu,linux,"16.04.6 LTS (Xenial Xerus)",log,"/var/log/auth.log","38,202",system
"Oct 26, 2022 @ 02:56:10.019",73CAEIQBIBAo7axPjZ00,".ds-filebeat-8.4.3-2022.10.25-000001","-","6343ae4e-0ee5-43d9-9891-576b2b8f9653","Web_Server","50e17b80-cb5c-4305-8a01-dd532eb63d4f","Web_Server",filebeat,"8.4.3","8.0.0","Provided Grok expressions do not match field value: [Oct 25 18:56:01 Web_Server CRON[20854]: pam_env(cron:session): Unable to open env file: /etc/default/locale: No such file or directory]","system.auth","Oct 26, 2022 @ 02:56:11.060",system,"Oct 25 18:56:01 Web_Server CRON[20854]: pam_env(cron:session): Unable to open env file: /etc/default/locale: No such file or directory","+00:00",auth,"x86_64",true,"Web_Server","172.24.2.100","02:42:ac:18:02:64","Web_Server",xenial,debian,"4.15.0-58-generic",Ubuntu,Ubuntu,ubuntu,linux,"16.04.6 LTS (Xenial Xerus)",log,"/var/log/auth.log","37,724",system
"Oct 26, 2022 @ 02:56:10.019",8HCAEIQBIBAo7axPoJ2Y,".ds-filebeat-8.4.3-2022.10.25-000001","-","6343ae4e-0ee5-43d9-9891-576b2b8f9653","Web_Server","50e17b80-cb5c-4305-8a01-dd532eb63d4f","Web_Server",filebeat,"8.4.3","8.0.0","Provided Grok expressions do not match field value: [Oct 25 18:56:01 Web_Server CRON[20854]: pam_unix(cron:session): session opened for user root by (uid=0)]","system.auth","Oct 26, 2022 @ 02:56:16.023",system,"Oct 25 18:56:01 Web_Server CRON[20854]: pam_unix(cron:session): session opened for user root by (uid=0)","+00:00",auth,"x86_64",true,"Web_Server","172.24.2.100","02:42:ac:18:02:64","Web_Server",xenial,debian,"4.15.0-58-generic",Ubuntu,Ubuntu,ubuntu,linux,"16.04.6 LTS (Xenial Xerus)",log,"/var/log/auth.log","37,859",system
"Oct 26, 2022 @ 02:57:05.032",83CBEIQBIBAo7axPd52D,".ds-filebeat-8.4.3-2022.10.25-000001","-","6343ae4e-0ee5-43d9-9891-576b2b8f9653","Web_Server","50e17b80-cb5c-4305-8a01-dd532eb63d4f","Web_Server",filebeat,"8.4.3","8.0.0","Provided Grok expressions do not match field value: [Oct 25 18:57:01 Web_Server CRON[21245]: pam_unix(cron:session): session opened for user root by (uid=0)]","system.auth","Oct 26, 2022 @ 02:57:11.042",system,"Oct 25 18:57:01 Web_Server CRON[21245]: pam_unix(cron:session): session opened for user root by (uid=0)","+00:00",auth,"x86_64",true,"Web_Server","172.24.2.100","02:42:ac:18:02:64","Web_Server",xenial,debian,"4.15.0-58-generic",Ubuntu,Ubuntu,ubuntu,linux,"16.04.6 LTS (Xenial Xerus)",log,"/var/log/auth.log","38,098",system
"Oct 26, 2022 @ 02:58:10.054",9nCCEIQBIBAo7axPdZ2D,".ds-filebeat-8.4.3-2022.10.25-000001","-","6343ae4e-0ee5-43d9-9891-576b2b8f9653","Web_Server","50e17b80-cb5c-4305-8a01-dd532eb63d4f","Web_Server",filebeat,"8.4.3","8.0.0","Provided Grok expressions do not match field value: [Oct 25 18:58:01 Web_Server CRON[21707]: pam_unix(cron:session): session opened for user root by (uid=0)]","system.auth","Oct 26, 2022 @ 02:58:16.065",system,"Oct 25 18:58:01 Web_Server CRON[21707]: pam_unix(cron:session): session opened for user root by (uid=0)","+00:00",auth,"x86_64",true,"Web_Server","172.24.2.100","02:42:ac:18:02:64","Web_Server",xenial,debian,"4.15.0-58-generic",Ubuntu,Ubuntu,ubuntu,linux,"16.04.6 LTS (Xenial Xerus)",log,"/var/log/auth.log","38,337",system
"Oct 26, 2022 @ 02:59:05.137","-XCDEIQBIBAo7axPTJ2n",".ds-filebeat-8.4.3-2022.10.25-000001","-","6343ae4e-0ee5-43d9-9891-576b2b8f9653","Web_Server","50e17b80-cb5c-4305-8a01-dd532eb63d4f","Web_Server",filebeat,"8.4.3","8.0.0","Provided Grok expressions do not match field value: [Oct 25 18:59:01 Web_Server CRON[22024]: pam_unix(cron:session): session opened for user root by (uid=0)]","system.auth","Oct 26, 2022 @ 02:59:11.143",system,"Oct 25 18:59:01 Web_Server CRON[22024]: pam_unix(cron:session): session opened for user root by (uid=0)","+00:00",auth,"x86_64",true,"Web_Server","172.24.2.100","02:42:ac:18:02:64","Web_Server",xenial,debian,"4.15.0-58-generic",Ubuntu,Ubuntu,ubuntu,linux,"16.04.6 LTS (Xenial Xerus)",log,"/var/log/auth.log","38,576",system
"Oct 26, 2022 @ 02:54:49.896","63B_EIQBIBAo7axPZ52c",".ds-filebeat-8.4.3-2022.10.25-000001","-","6343ae4e-0ee5-43d9-9891-576b2b8f9653","Web_Server","50e17b80-cb5c-4305-8a01-dd532eb63d4f","Web_Server",filebeat,"8.4.3","8.0.0","Provided Grok expressions do not match field value: [Oct 25 18:54:49 Web_Server su[20404]: pam_unix(su:session): session opened for user root by hacker(uid=0)]","system.auth","Oct 26, 2022 @ 02:54:55.899",system,"Oct 25 18:54:49 Web_Server su[20404]: pam_unix(su:session): session opened for user root by hacker(uid=0)","+00:00",auth,"x86_64",true,"Web_Server","172.24.2.100","02:42:ac:18:02:64","Web_Server",xenial,debian,"4.15.0-58-generic",Ubuntu,Ubuntu,ubuntu,linux,"16.04.6 LTS (Xenial Xerus)",log,"/var/log/auth.log","37,379",system
"Oct 26, 2022 @ 02:55:05.006","7HB_EIQBIBAo7axPj50a",".ds-filebeat-8.4.3-2022.10.25-000001","-","6343ae4e-0ee5-43d9-9891-576b2b8f9653","Web_Server","50e17b80-cb5c-4305-8a01-dd532eb63d4f","Web_Server",filebeat,"8.4.3","8.0.0","Provided Grok expressions do not match field value: [Oct 25 18:55:01 Web_Server CRON[20483]: pam_env(cron:session): Unable to open env file: /etc/default/locale: No such file or directory]","system.auth","Oct 26, 2022 @ 02:55:06.009",system,"Oct 25 18:55:01 Web_Server CRON[20483]: pam_env(cron:session): Unable to open env file: /etc/default/locale: No such file or directory","+00:00",auth,"x86_64",true,"Web_Server","172.24.2.100","02:42:ac:18:02:64","Web_Server",xenial,debian,"4.15.0-58-generic",Ubuntu,Ubuntu,ubuntu,linux,"16.04.6 LTS (Xenial Xerus)",log,"/var/log/auth.log","37,485",system
"Oct 26, 2022 @ 02:54:39.894","4nB_EIQBIBAo7axPLZ0B",".ds-filebeat-8.4.3-2022.10.25-000001","-","6343ae4e-0ee5-43d9-9891-576b2b8f9653","Web_Server","50e17b80-cb5c-4305-8a01-dd532eb63d4f","Web_Server",filebeat,"8.4.3","8.0.0","Provided Grok expressions do not match field value: [Oct 25 18:54:39 Web_Server sshd[20297]: Accepted password for hacker from 172.24.2.11 port 41052 ssh2]","system.auth","Oct 26, 2022 @ 02:54:40.897",system,"Oct 25 18:54:39 Web_Server sshd[20297]: Accepted password for hacker from 172.24.2.11 port 41052 ssh2","+00:00",auth,"x86_64",true,"Web_Server","172.24.2.100","02:42:ac:18:02:64","Web_Server",xenial,debian,"4.15.0-58-generic",Ubuntu,Ubuntu,ubuntu,linux,"16.04.6 LTS (Xenial Xerus)",log,"/var/log/auth.log","36,448",system
"Oct 26, 2022 @ 02:54:38.892","4XB_EIQBIBAo7axPLZ0B",".ds-filebeat-8.4.3-2022.10.25-000001","-","6343ae4e-0ee5-43d9-9891-576b2b8f9653","Web_Server","50e17b80-cb5c-4305-8a01-dd532eb63d4f","Web_Server",filebeat,"8.4.3","8.0.0","Provided Grok expressions do not match field value: [Oct 25 18:54:29 Web_Server sshd[20260]: fatal: ssh_dispatch_run_fatal: Connection from 172.24.2.11 port 41038: Broken pipe [preauth]]","system.auth","Oct 26, 2022 @ 02:54:40.896",system,"Oct 25 18:54:29 Web_Server sshd[20260]: fatal: ssh_dispatch_run_fatal: Connection from 172.24.2.11 port 41038: Broken pipe [preauth]","+00:00",auth,"x86_64",true,"Web_Server","172.24.2.100","02:42:ac:18:02:64","Web_Server",xenial,debian,"4.15.0-58-generic",Ubuntu,Ubuntu,ubuntu,linux,"16.04.6 LTS (Xenial Xerus)",log,"/var/log/auth.log","36,315",system
"Oct 26, 2022 @ 02:54:42.895","5HB_EIQBIBAo7axPTJ1C",".ds-filebeat-8.4.3-2022.10.25-000001","-","6343ae4e-0ee5-43d9-9891-576b2b8f9653","Web_Server","50e17b80-cb5c-4305-8a01-dd532eb63d4f","Web_Server",filebeat,"8.4.3","8.0.0","Provided Grok expressions do not match field value: [Oct 25 18:54:40 Web_Server sshd[20297]: pam_env(sshd:session): Unable to open env file: /etc/default/locale: No such file or directory]","system.auth","Oct 26, 2022 @ 02:54:48.897",system,"Oct 25 18:54:40 Web_Server sshd[20297]: pam_env(sshd:session): Unable to open env file: /etc/default/locale: No such file or directory","+00:00",auth,"x86_64",true,"Web_Server","172.24.2.100","02:42:ac:18:02:64","Web_Server",xenial,debian,"4.15.0-58-generic",Ubuntu,Ubuntu,ubuntu,linux,"16.04.6 LTS (Xenial Xerus)",log,"/var/log/auth.log","36,656",system
"Oct 26, 2022 @ 02:54:39.894","43B_EIQBIBAo7axPOJ26",".ds-filebeat-8.4.3-2022.10.25-000001","-","6343ae4e-0ee5-43d9-9891-576b2b8f9653","Web_Server","50e17b80-cb5c-4305-8a01-dd532eb63d4f","Web_Server",filebeat,"8.4.3","8.0.0","Provided Grok expressions do not match field value: [Oct 25 18:54:39 Web_Server sshd[20297]: pam_unix(sshd:session): session opened for user hacker by (uid=0)]","system.auth","Oct 26, 2022 @ 02:54:43.898",system,"Oct 25 18:54:39 Web_Server sshd[20297]: pam_unix(sshd:session): session opened for user hacker by (uid=0)","+00:00",auth,"x86_64",true,"Web_Server","172.24.2.100","02:42:ac:18:02:64","Web_Server",xenial,debian,"4.15.0-58-generic",Ubuntu,Ubuntu,ubuntu,linux,"16.04.6 LTS (Xenial Xerus)",log,"/var/log/auth.log","36,550",system
"Oct 26, 2022 @ 02:54:03.885","3nB-EIQBIBAo7axPs53h",".ds-filebeat-8.4.3-2022.10.25-000001","-","6343ae4e-0ee5-43d9-9891-576b2b8f9653","Web_Server","50e17b80-cb5c-4305-8a01-dd532eb63d4f","Web_Server",filebeat,"8.4.3","8.0.0","Provided Grok expressions do not match field value: [Oct 25 18:54:01 Web_Server CRON[20061]: pam_unix(cron:session): session opened for user root by (uid=0)]","system.auth","Oct 26, 2022 @ 02:54:09.889",system,"Oct 25 18:54:01 Web_Server CRON[20061]: pam_unix(cron:session): session opened for user root by (uid=0)","+00:00",auth,"x86_64",true,"Web_Server","172.24.2.100","02:42:ac:18:02:64","Web_Server",xenial,debian,"4.15.0-58-generic",Ubuntu,Ubuntu,ubuntu,linux,"16.04.6 LTS (Xenial Xerus)",log,"/var/log/auth.log","36,211",system
"Oct 26, 2022 @ 02:55:05.006","7XB_EIQBIBAo7axPop2l",".ds-filebeat-8.4.3-2022.10.25-000001","-","6343ae4e-0ee5-43d9-9891-576b2b8f9653","Web_Server","50e17b80-cb5c-4305-8a01-dd532eb63d4f","Web_Server",filebeat,"8.4.3","8.0.0","Provided Grok expressions do not match field value: [Oct 25 18:55:01 Web_Server CRON[20483]: pam_unix(cron:session): session opened for user root by (uid=0)]","system.auth","Oct 26, 2022 @ 02:55:11.012",system,"Oct 25 18:55:01 Web_Server CRON[20483]: pam_unix(cron:session): session opened for user root by (uid=0)","+00:00",auth,"x86_64",true,"Web_Server","172.24.2.100","02:42:ac:18:02:64","Web_Server",xenial,debian,"4.15.0-58-generic",Ubuntu,Ubuntu,ubuntu,linux,"16.04.6 LTS (Xenial Xerus)",log,"/var/log/auth.log","37,620",system
"Oct 26, 2022 @ 02:54:49.896","6nB_EIQBIBAo7axPVJ0a",".ds-filebeat-8.4.3-2022.10.25-000001","-","6343ae4e-0ee5-43d9-9891-576b2b8f9653","Web_Server","50e17b80-cb5c-4305-8a01-dd532eb63d4f","Web_Server",filebeat,"8.4.3","8.0.0","Provided Grok expressions do not match field value: [Oct 25 18:54:49 Web_Server su[20404]: pam_env(su:session): Unable to open env file: /etc/default/locale: No such file or directory]","system.auth","Oct 26, 2022 @ 02:54:50.900",system,"Oct 25 18:54:49 Web_Server su[20404]: pam_env(su:session): Unable to open env file: /etc/default/locale: No such file or directory","+00:00",auth,"x86_64",true,"Web_Server","172.24.2.100","02:42:ac:18:02:64","Web_Server",xenial,debian,"4.15.0-58-generic",Ubuntu,Ubuntu,ubuntu,linux,"16.04.6 LTS (Xenial Xerus)",log,"/var/log/auth.log","37,248",system
"Oct 26, 2022 @ 02:54:49.896","6XB_EIQBIBAo7axPVJ0a",".ds-filebeat-8.4.3-2022.10.25-000001","-","6343ae4e-0ee5-43d9-9891-576b2b8f9653","Web_Server","50e17b80-cb5c-4305-8a01-dd532eb63d4f","Web_Server",filebeat,"8.4.3","8.0.0","Provided Grok expressions do not match field value: [Oct 25 18:54:49 Web_Server su[20404]: + /dev/pts/0 root:root]","system.auth","Oct 26, 2022 @ 02:54:50.900",system,"Oct 25 18:54:49 Web_Server su[20404]: + /dev/pts/0 root:root","+00:00",auth,"x86_64",true,"Web_Server","172.24.2.100","02:42:ac:18:02:64","Web_Server",xenial,debian,"4.15.0-58-generic",Ubuntu,Ubuntu,ubuntu,linux,"16.04.6 LTS (Xenial Xerus)",log,"/var/log/auth.log","37,187",system
"Oct 26, 2022 @ 02:54:49.896","6HB_EIQBIBAo7axPVJ0a",".ds-filebeat-8.4.3-2022.10.25-000001","-","6343ae4e-0ee5-43d9-9891-576b2b8f9653","Web_Server","50e17b80-cb5c-4305-8a01-dd532eb63d4f","Web_Server",filebeat,"8.4.3","8.0.0","Provided Grok expressions do not match field value: [Oct 25 18:54:49 Web_Server su[20404]: Successful su for root by root]","system.auth","Oct 26, 2022 @ 02:54:50.900",system,"Oct 25 18:54:49 Web_Server su[20404]: Successful su for root by root","+00:00",auth,"x86_64",true,"Web_Server","172.24.2.100","02:42:ac:18:02:64","Web_Server",xenial,debian,"4.15.0-58-generic",Ubuntu,Ubuntu,ubuntu,linux,"16.04.6 LTS (Xenial Xerus)",log,"/var/log/auth.log","37,118",system
"Oct 26, 2022 @ 02:54:49.896","53B_EIQBIBAo7axPVJ0a",".ds-filebeat-8.4.3-2022.10.25-000001","-","6343ae4e-0ee5-43d9-9891-576b2b8f9653","Web_Server","50e17b80-cb5c-4305-8a01-dd532eb63d4f","Web_Server",filebeat,"8.4.3","8.0.0","Provided Grok expressions do not match field value: [Oct 25 18:54:48 Web_Server sudo: pam_unix(sudo:session): session opened for user root by hacker(uid=0)]","system.auth","Oct 26, 2022 @ 02:54:50.899",system,"Oct 25 18:54:48 Web_Server sudo: pam_unix(sudo:session): session opened for user root by hacker(uid=0)","+00:00",auth,"x86_64",true,"Web_Server","172.24.2.100","02:42:ac:18:02:64","Web_Server",xenial,debian,"4.15.0-58-generic",Ubuntu,Ubuntu,ubuntu,linux,"16.04.6 LTS (Xenial Xerus)",log,"/var/log/auth.log","37,015",system
"Oct 26, 2022 @ 02:54:49.896","5nB_EIQBIBAo7axPVJ0a",".ds-filebeat-8.4.3-2022.10.25-000001","-","6343ae4e-0ee5-43d9-9891-576b2b8f9653","Web_Server","50e17b80-cb5c-4305-8a01-dd532eb63d4f","Web_Server",filebeat,"8.4.3","8.0.0","Provided Grok expressions do not match field value: [Oct 25 18:54:48 Web_Server sudo: pam_env(sudo:session): Unable to open env file: /etc/default/locale: No such file or directory]","system.auth","Oct 26, 2022 @ 02:54:50.899",system,"Oct 25 18:54:48 Web_Server sudo: pam_env(sudo:session): Unable to open env file: /etc/default/locale: No such file or directory","+00:00",auth,"x86_64",true,"Web_Server","172.24.2.100","02:42:ac:18:02:64","Web_Server",xenial,debian,"4.15.0-58-generic",Ubuntu,Ubuntu,ubuntu,linux,"16.04.6 LTS (Xenial Xerus)",log,"/var/log/auth.log","36,887",system
"Oct 26, 2022 @ 02:54:49.896","5XB_EIQBIBAo7axPVJ0a",".ds-filebeat-8.4.3-2022.10.25-000001","-","6343ae4e-0ee5-43d9-9891-576b2b8f9653","Web_Server","50e17b80-cb5c-4305-8a01-dd532eb63d4f","Web_Server",filebeat,"8.4.3","8.0.0","Provided Grok expressions do not match field value: [Oct 25 18:54:48 Web_Server sudo:     root : TTY=pts/0 ; PWD=/root ; USER=root ; COMMAND=/bin/su]","system.auth","Oct 26, 2022 @ 02:54:50.899",system,"Oct 25 18:54:48 Web_Server sudo:     root : TTY=pts/0 ; PWD=/root ; USER=root ; COMMAND=/bin/su","+00:00",auth,"x86_64",true,"Web_Server","172.24.2.100","02:42:ac:18:02:64","Web_Server",xenial,debian,"4.15.0-58-generic",Ubuntu,Ubuntu,ubuntu,linux,"16.04.6 LTS (Xenial Xerus)",log,"/var/log/auth.log","36,791",system
"Oct 26, 2022 @ 02:54:03.885","3HB-EIQBIBAo7axPoJ1e",".ds-filebeat-8.4.3-2022.10.25-000001","-","6343ae4e-0ee5-43d9-9891-576b2b8f9653","Web_Server","50e17b80-cb5c-4305-8a01-dd532eb63d4f","Web_Server",filebeat,"8.4.3","8.0.0","Provided Grok expressions do not match field value: [Oct 25 18:54:01 Web_Server CRON[20061]: pam_env(cron:session): Unable to open env file: /etc/default/locale: No such file or directory]","system.auth","Oct 26, 2022 @ 02:54:04.894",system,"Oct 25 18:54:01 Web_Server CRON[20061]: pam_env(cron:session): Unable to open env file: /etc/default/locale: No such file or directory","+00:00",auth,"x86_64",true,"Web_Server","172.24.2.100","02:42:ac:18:02:64","Web_Server",xenial,debian,"4.15.0-58-generic",Ubuntu,Ubuntu,ubuntu,linux,"16.04.6 LTS (Xenial Xerus)",log,"/var/log/auth.log","36,076",system
"Oct 26, 2022 @ 02:53:08.875","tHB9EIQBIBAo7axP3J3_",".ds-filebeat-8.4.3-2022.10.25-000001","-","6343ae4e-0ee5-43d9-9891-576b2b8f9653","Web_Server","50e17b80-cb5c-4305-8a01-dd532eb63d4f","Web_Server",filebeat,"8.4.3","8.0.0","Provided Grok expressions do not match field value: [Oct 25 18:53:01 Web_Server CRON[19426]: pam_unix(cron:session): session opened for user root by (uid=0)]","system.auth","Oct 26, 2022 @ 02:53:14.879",system,"Oct 25 18:53:01 Web_Server CRON[19426]: pam_unix(cron:session): session opened for user root by (uid=0)","+00:00",auth,"x86_64",true,"Web_Server","172.24.2.100","02:42:ac:18:02:64","Web_Server",xenial,debian,"4.15.0-58-generic",Ubuntu,Ubuntu,ubuntu,linux,"16.04.6 LTS (Xenial Xerus)",log,"/var/log/auth.log","35,972",system
"Oct 26, 2022 @ 02:52:03.269","sHB8EIQBIBAo7axP3J2-",".ds-filebeat-8.4.3-2022.10.25-000001","-","6343ae4e-0ee5-43d9-9891-576b2b8f9653","Web_Server","50e17b80-cb5c-4305-8a01-dd532eb63d4f","Web_Server",filebeat,"8.4.3","8.0.0","Provided Grok expressions do not match field value: [Oct 25 18:52:01 Web_Server CRON[18942]: pam_unix(cron:session): session opened for user root by (uid=0)]","system.auth","Oct 26, 2022 @ 02:52:09.278",system,"Oct 25 18:52:01 Web_Server CRON[18942]: pam_unix(cron:session): session opened for user root by (uid=0)","+00:00",auth,"x86_64",true,"Web_Server","172.24.2.100","02:42:ac:18:02:64","Web_Server",xenial,debian,"4.15.0-58-generic",Ubuntu,Ubuntu,ubuntu,linux,"16.04.6 LTS (Xenial Xerus)",log,"/var/log/auth.log","35,733",system
"Oct 26, 2022 @ 02:52:03.269",r3B8EIQBIBAo7axPyZ0w,".ds-filebeat-8.4.3-2022.10.25-000001","-","6343ae4e-0ee5-43d9-9891-576b2b8f9653","Web_Server","50e17b80-cb5c-4305-8a01-dd532eb63d4f","Web_Server",filebeat,"8.4.3","8.0.0","Provided Grok expressions do not match field value: [Oct 25 18:52:01 Web_Server CRON[18942]: pam_env(cron:session): Unable to open env file: /etc/default/locale: No such file or directory]","system.auth","Oct 26, 2022 @ 02:52:04.271",system,"Oct 25 18:52:01 Web_Server CRON[18942]: pam_env(cron:session): Unable to open env file: /etc/default/locale: No such file or directory","+00:00",auth,"x86_64",true,"Web_Server","172.24.2.100","02:42:ac:18:02:64","Web_Server",xenial,debian,"4.15.0-58-generic",Ubuntu,Ubuntu,ubuntu,linux,"16.04.6 LTS (Xenial Xerus)",log,"/var/log/auth.log","35,598",system
"Oct 26, 2022 @ 02:53:08.875",snB9EIQBIBAo7axPyZ11,".ds-filebeat-8.4.3-2022.10.25-000001","-","6343ae4e-0ee5-43d9-9891-576b2b8f9653","Web_Server","50e17b80-cb5c-4305-8a01-dd532eb63d4f","Web_Server",filebeat,"8.4.3","8.0.0","Provided Grok expressions do not match field value: [Oct 25 18:53:01 Web_Server CRON[19426]: pam_env(cron:session): Unable to open env file: /etc/default/locale: No such file or directory]","system.auth","Oct 26, 2022 @ 02:53:09.876",system,"Oct 25 18:53:01 Web_Server CRON[19426]: pam_env(cron:session): Unable to open env file: /etc/default/locale: No such file or directory","+00:00",auth,"x86_64",true,"Web_Server","172.24.2.100","02:42:ac:18:02:64","Web_Server",xenial,debian,"4.15.0-58-generic",Ubuntu,Ubuntu,ubuntu,linux,"16.04.6 LTS (Xenial Xerus)",log,"/var/log/auth.log","35,837",system
"Oct 26, 2022 @ 02:49:38.244",p3B6EIQBIBAo7axPpp02,".ds-filebeat-8.4.3-2022.10.25-000001","-","6343ae4e-0ee5-43d9-9891-576b2b8f9653","Web_Server","50e17b80-cb5c-4305-8a01-dd532eb63d4f","Web_Server",filebeat,"8.4.3","8.0.0","Provided Grok expressions do not match field value: [Oct 25 18:49:32 Web_Server su[18232]: pam_unix(su:session): session opened for user root by (uid=0)]","system.auth","Oct 26, 2022 @ 02:49:44.246",system,"Oct 25 18:49:32 Web_Server su[18232]: pam_unix(su:session): session opened for user root by (uid=0)","+00:00",auth,"x86_64",true,"Web_Server","172.24.2.100","02:42:ac:18:02:64","Web_Server",xenial,debian,"4.15.0-58-generic",Ubuntu,Ubuntu,ubuntu,linux,"16.04.6 LTS (Xenial Xerus)",log,"/var/log/auth.log","35,020",system
"Oct 26, 2022 @ 02:51:08.260",rnB8EIQBIBAo7axPBZ3f,".ds-filebeat-8.4.3-2022.10.25-000001","-","6343ae4e-0ee5-43d9-9891-576b2b8f9653","Web_Server","50e17b80-cb5c-4305-8a01-dd532eb63d4f","Web_Server",filebeat,"8.4.3","8.0.0","Provided Grok expressions do not match field value: [Oct 25 18:51:01 Web_Server CRON[18561]: pam_unix(cron:session): session opened for user root by (uid=0)]","system.auth","Oct 26, 2022 @ 02:51:14.270",system,"Oct 25 18:51:01 Web_Server CRON[18561]: pam_unix(cron:session): session opened for user root by (uid=0)","+00:00",auth,"x86_64",true,"Web_Server","172.24.2.100","02:42:ac:18:02:64","Web_Server",xenial,debian,"4.15.0-58-generic",Ubuntu,Ubuntu,ubuntu,linux,"16.04.6 LTS (Xenial Xerus)",log,"/var/log/auth.log","35,494",system
"Oct 26, 2022 @ 02:50:03.250",qnB7EIQBIBAo7axPB53p,".ds-filebeat-8.4.3-2022.10.25-000001","-","6343ae4e-0ee5-43d9-9891-576b2b8f9653","Web_Server","50e17b80-cb5c-4305-8a01-dd532eb63d4f","Web_Server",filebeat,"8.4.3","8.0.0","Provided Grok expressions do not match field value: [Oct 25 18:50:01 Web_Server CRON[18236]: pam_unix(cron:session): session opened for user root by (uid=0)]","system.auth","Oct 26, 2022 @ 02:50:09.256",system,"Oct 25 18:50:01 Web_Server CRON[18236]: pam_unix(cron:session): session opened for user root by (uid=0)","+00:00",auth,"x86_64",true,"Web_Server","172.24.2.100","02:42:ac:18:02:64","Web_Server",xenial,debian,"4.15.0-58-generic",Ubuntu,Ubuntu,ubuntu,linux,"16.04.6 LTS (Xenial Xerus)",log,"/var/log/auth.log","35,255",system
"Oct 26, 2022 @ 02:49:03.238",nnB6EIQBIBAo7axPCZ3x,".ds-filebeat-8.4.3-2022.10.25-000001","-","6343ae4e-0ee5-43d9-9891-576b2b8f9653","Web_Server","50e17b80-cb5c-4305-8a01-dd532eb63d4f","Web_Server",filebeat,"8.4.3","8.0.0","Provided Grok expressions do not match field value: [Oct 25 18:49:01 Web_Server CRON[18108]: pam_env(cron:session): Unable to open env file: /etc/default/locale: No such file or directory]","system.auth","Oct 26, 2022 @ 02:49:04.241",system,"Oct 25 18:49:01 Web_Server CRON[18108]: pam_env(cron:session): Unable to open env file: /etc/default/locale: No such file or directory","+00:00",auth,"x86_64",true,"Web_Server","172.24.2.100","02:42:ac:18:02:64","Web_Server",xenial,debian,"4.15.0-58-generic",Ubuntu,Ubuntu,ubuntu,linux,"16.04.6 LTS (Xenial Xerus)",log,"/var/log/auth.log","34,196",system
"Oct 26, 2022 @ 02:50:03.250",qHB6EIQBIBAo7axP9J1e,".ds-filebeat-8.4.3-2022.10.25-000001","-","6343ae4e-0ee5-43d9-9891-576b2b8f9653","Web_Server","50e17b80-cb5c-4305-8a01-dd532eb63d4f","Web_Server",filebeat,"8.4.3","8.0.0","Provided Grok expressions do not match field value: [Oct 25 18:50:01 Web_Server CRON[18236]: pam_env(cron:session): Unable to open env file: /etc/default/locale: No such file or directory]","system.auth","Oct 26, 2022 @ 02:50:04.253",system,"Oct 25 18:50:01 Web_Server CRON[18236]: pam_env(cron:session): Unable to open env file: /etc/default/locale: No such file or directory","+00:00",auth,"x86_64",true,"Web_Server","172.24.2.100","02:42:ac:18:02:64","Web_Server",xenial,debian,"4.15.0-58-generic",Ubuntu,Ubuntu,ubuntu,linux,"16.04.6 LTS (Xenial Xerus)",log,"/var/log/auth.log","35,120",system
"Oct 26, 2022 @ 02:49:03.238",n3B6EIQBIBAo7axPHZ2A,".ds-filebeat-8.4.3-2022.10.25-000001","-","6343ae4e-0ee5-43d9-9891-576b2b8f9653","Web_Server","50e17b80-cb5c-4305-8a01-dd532eb63d4f","Web_Server",filebeat,"8.4.3","8.0.0","Provided Grok expressions do not match field value: [Oct 25 18:49:01 Web_Server CRON[18108]: pam_unix(cron:session): session opened for user root by (uid=0)]","system.auth","Oct 26, 2022 @ 02:49:09.247",system,"Oct 25 18:49:01 Web_Server CRON[18108]: pam_unix(cron:session): session opened for user root by (uid=0)","+00:00",auth,"x86_64",true,"Web_Server","172.24.2.100","02:42:ac:18:02:64","Web_Server",xenial,debian,"4.15.0-58-generic",Ubuntu,Ubuntu,ubuntu,linux,"16.04.6 LTS (Xenial Xerus)",log,"/var/log/auth.log","34,331",system
"Oct 26, 2022 @ 02:51:08.260",rHB7EIQBIBAo7axP8p1W,".ds-filebeat-8.4.3-2022.10.25-000001","-","6343ae4e-0ee5-43d9-9891-576b2b8f9653","Web_Server","50e17b80-cb5c-4305-8a01-dd532eb63d4f","Web_Server",filebeat,"8.4.3","8.0.0","Provided Grok expressions do not match field value: [Oct 25 18:51:01 Web_Server CRON[18561]: pam_env(cron:session): Unable to open env file: /etc/default/locale: No such file or directory]","system.auth","Oct 26, 2022 @ 02:51:09.270",system,"Oct 25 18:51:01 Web_Server CRON[18561]: pam_env(cron:session): Unable to open env file: /etc/default/locale: No such file or directory","+00:00",auth,"x86_64",true,"Web_Server","172.24.2.100","02:42:ac:18:02:64","Web_Server",xenial,debian,"4.15.0-58-generic",Ubuntu,Ubuntu,ubuntu,linux,"16.04.6 LTS (Xenial Xerus)",log,"/var/log/auth.log","35,359",system
"Oct 26, 2022 @ 02:49:38.244",pnB6EIQBIBAo7axPkp2w,".ds-filebeat-8.4.3-2022.10.25-000001","-","6343ae4e-0ee5-43d9-9891-576b2b8f9653","Web_Server","50e17b80-cb5c-4305-8a01-dd532eb63d4f","Web_Server",filebeat,"8.4.3","8.0.0","Provided Grok expressions do not match field value: [Oct 25 18:49:32 Web_Server su[18232]: pam_env(su:session): Unable to open env file: /etc/default/locale: No such file or directory]","system.auth","Oct 26, 2022 @ 02:49:39.248",system,"Oct 25 18:49:32 Web_Server su[18232]: pam_env(su:session): Unable to open env file: /etc/default/locale: No such file or directory","+00:00",auth,"x86_64",true,"Web_Server","172.24.2.100","02:42:ac:18:02:64","Web_Server",xenial,debian,"4.15.0-58-generic",Ubuntu,Ubuntu,ubuntu,linux,"16.04.6 LTS (Xenial Xerus)",log,"/var/log/auth.log","34,889",system
"Oct 26, 2022 @ 02:49:38.244",pXB6EIQBIBAo7axPkp2w,".ds-filebeat-8.4.3-2022.10.25-000001","-","6343ae4e-0ee5-43d9-9891-576b2b8f9653","Web_Server","50e17b80-cb5c-4305-8a01-dd532eb63d4f","Web_Server",filebeat,"8.4.3","8.0.0","Provided Grok expressions do not match field value: [Oct 25 18:49:32 Web_Server su[18232]: + ??? root:root]","system.auth","Oct 26, 2022 @ 02:49:39.247",system,"Oct 25 18:49:32 Web_Server su[18232]: + ??? root:root","+00:00",auth,"x86_64",true,"Web_Server","172.24.2.100","02:42:ac:18:02:64","Web_Server",xenial,debian,"4.15.0-58-generic",Ubuntu,Ubuntu,ubuntu,linux,"16.04.6 LTS (Xenial Xerus)",log,"/var/log/auth.log","34,835",system
"Oct 26, 2022 @ 02:49:38.244",pHB6EIQBIBAo7axPkp2w,".ds-filebeat-8.4.3-2022.10.25-000001","-","6343ae4e-0ee5-43d9-9891-576b2b8f9653","Web_Server","50e17b80-cb5c-4305-8a01-dd532eb63d4f","Web_Server",filebeat,"8.4.3","8.0.0","Provided Grok expressions do not match field value: [Oct 25 18:49:32 Web_Server su[18232]: Successful su for root by root]","system.auth","Oct 26, 2022 @ 02:49:39.247",system,"Oct 25 18:49:32 Web_Server su[18232]: Successful su for root by root","+00:00",auth,"x86_64",true,"Web_Server","172.24.2.100","02:42:ac:18:02:64","Web_Server",xenial,debian,"4.15.0-58-generic",Ubuntu,Ubuntu,ubuntu,linux,"16.04.6 LTS (Xenial Xerus)",log,"/var/log/auth.log","34,766",system
"Oct 26, 2022 @ 02:49:38.243",o3B6EIQBIBAo7axPkp2w,".ds-filebeat-8.4.3-2022.10.25-000001","-","6343ae4e-0ee5-43d9-9891-576b2b8f9653","Web_Server","50e17b80-cb5c-4305-8a01-dd532eb63d4f","Web_Server",filebeat,"8.4.3","8.0.0","Provided Grok expressions do not match field value: [Oct 25 18:49:31 Web_Server sudo: pam_unix(sudo:session): session opened for user root by (uid=0)]","system.auth","Oct 26, 2022 @ 02:49:39.247",system,"Oct 25 18:49:31 Web_Server sudo: pam_unix(sudo:session): session opened for user root by (uid=0)","+00:00",auth,"x86_64",true,"Web_Server","172.24.2.100","02:42:ac:18:02:64","Web_Server",xenial,debian,"4.15.0-58-generic",Ubuntu,Ubuntu,ubuntu,linux,"16.04.6 LTS (Xenial Xerus)",log,"/var/log/auth.log","34,669",system
"Oct 26, 2022 @ 02:49:38.243",onB6EIQBIBAo7axPkp2w,".ds-filebeat-8.4.3-2022.10.25-000001","-","6343ae4e-0ee5-43d9-9891-576b2b8f9653","Web_Server","50e17b80-cb5c-4305-8a01-dd532eb63d4f","Web_Server",filebeat,"8.4.3","8.0.0","Provided Grok expressions do not match field value: [Oct 25 18:49:31 Web_Server sudo: pam_env(sudo:session): Unable to open env file: /etc/default/locale: No such file or directory]","system.auth","Oct 26, 2022 @ 02:49:39.247",system,"Oct 25 18:49:31 Web_Server sudo: pam_env(sudo:session): Unable to open env file: /etc/default/locale: No such file or directory","+00:00",auth,"x86_64",true,"Web_Server","172.24.2.100","02:42:ac:18:02:64","Web_Server",xenial,debian,"4.15.0-58-generic",Ubuntu,Ubuntu,ubuntu,linux,"16.04.6 LTS (Xenial Xerus)",log,"/var/log/auth.log","34,541",system
"Oct 26, 2022 @ 02:49:38.243",oXB6EIQBIBAo7axPkp2w,".ds-filebeat-8.4.3-2022.10.25-000001","-","6343ae4e-0ee5-43d9-9891-576b2b8f9653","Web_Server","50e17b80-cb5c-4305-8a01-dd532eb63d4f","Web_Server",filebeat,"8.4.3","8.0.0","Provided Grok expressions do not match field value: [Oct 25 18:49:31 Web_Server sudo:     root : TTY=unknown ; PWD=/var/www/html ; USER=root ; COMMAND=/bin/su]","system.auth","Oct 26, 2022 @ 02:49:39.246",system,"Oct 25 18:49:31 Web_Server sudo:     root : TTY=unknown ; PWD=/var/www/html ; USER=root ; COMMAND=/bin/su","+00:00",auth,"x86_64",true,"Web_Server","172.24.2.100","02:42:ac:18:02:64","Web_Server",xenial,debian,"4.15.0-58-generic",Ubuntu,Ubuntu,ubuntu,linux,"16.04.6 LTS (Xenial Xerus)",log,"/var/log/auth.log","34,435",system
"Oct 26, 2022 @ 02:45:11.195",lHB2EIQBIBAo7axPk50Q,".ds-filebeat-8.4.3-2022.10.25-000001","-","6343ae4e-0ee5-43d9-9891-576b2b8f9653","Web_Server","50e17b80-cb5c-4305-8a01-dd532eb63d4f","Web_Server",filebeat,"8.4.3","8.0.0","Provided Grok expressions do not match field value: [Oct 25 18:45:01 Web_Server CRON[18044]: pam_unix(cron:session): session opened for user root by (uid=0)]","system.auth","Oct 26, 2022 @ 02:45:17.199",system,"Oct 25 18:45:01 Web_Server CRON[18044]: pam_unix(cron:session): session opened for user root by (uid=0)","+00:00",auth,"x86_64",true,"Web_Server","172.24.2.100","02:42:ac:18:02:64","Web_Server",xenial,debian,"4.15.0-58-generic",Ubuntu,Ubuntu,ubuntu,linux,"16.04.6 LTS (Xenial Xerus)",log,"/var/log/auth.log","33,375",system
"Oct 26, 2022 @ 02:46:06.485",lnB3EIQBIBAo7axPa50J,".ds-filebeat-8.4.3-2022.10.25-000001","-","6343ae4e-0ee5-43d9-9891-576b2b8f9653","Web_Server","50e17b80-cb5c-4305-8a01-dd532eb63d4f","Web_Server",filebeat,"8.4.3","8.0.0","Provided Grok expressions do not match field value: [Oct 25 18:46:01 Web_Server CRON[18050]: pam_unix(cron:session): session opened for user root by (uid=0)]","system.auth","Oct 26, 2022 @ 02:46:12.489",system,"Oct 25 18:46:01 Web_Server CRON[18050]: pam_unix(cron:session): session opened for user root by (uid=0)","+00:00",auth,"x86_64",true,"Web_Server","172.24.2.100","02:42:ac:18:02:64","Web_Server",xenial,debian,"4.15.0-58-generic",Ubuntu,Ubuntu,ubuntu,linux,"16.04.6 LTS (Xenial Xerus)",log,"/var/log/auth.log","33,614",system
"Oct 26, 2022 @ 02:46:06.485",lXB3EIQBIBAo7axPV52B,".ds-filebeat-8.4.3-2022.10.25-000001","-","6343ae4e-0ee5-43d9-9891-576b2b8f9653","Web_Server","50e17b80-cb5c-4305-8a01-dd532eb63d4f","Web_Server",filebeat,"8.4.3","8.0.0","Provided Grok expressions do not match field value: [Oct 25 18:46:01 Web_Server CRON[18050]: pam_env(cron:session): Unable to open env file: /etc/default/locale: No such file or directory]","system.auth","Oct 26, 2022 @ 02:46:07.489",system,"Oct 25 18:46:01 Web_Server CRON[18050]: pam_env(cron:session): Unable to open env file: /etc/default/locale: No such file or directory","+00:00",auth,"x86_64",true,"Web_Server","172.24.2.100","02:42:ac:18:02:64","Web_Server",xenial,debian,"4.15.0-58-generic",Ubuntu,Ubuntu,ubuntu,linux,"16.04.6 LTS (Xenial Xerus)",log,"/var/log/auth.log","33,479",system
"Oct 26, 2022 @ 02:48:08.061",m3B5EIQBIBAo7axPM50Q,".ds-filebeat-8.4.3-2022.10.25-000001","-","6343ae4e-0ee5-43d9-9891-576b2b8f9653","Web_Server","50e17b80-cb5c-4305-8a01-dd532eb63d4f","Web_Server",filebeat,"8.4.3","8.0.0","Provided Grok expressions do not match field value: [Oct 25 18:48:01 Web_Server CRON[18097]: pam_env(cron:session): Unable to open env file: /etc/default/locale: No such file or directory]","system.auth","Oct 26, 2022 @ 02:48:09.232",system,"Oct 25 18:48:01 Web_Server CRON[18097]: pam_env(cron:session): Unable to open env file: /etc/default/locale: No such file or directory","+00:00",auth,"x86_64",true,"Web_Server","172.24.2.100","02:42:ac:18:02:64","Web_Server",xenial,debian,"4.15.0-58-generic",Ubuntu,Ubuntu,ubuntu,linux,"16.04.6 LTS (Xenial Xerus)",log,"/var/log/auth.log","33,957",system
"Oct 26, 2022 @ 02:47:01.493",mHB4EIQBIBAo7axPMp1I,".ds-filebeat-8.4.3-2022.10.25-000001","-","6343ae4e-0ee5-43d9-9891-576b2b8f9653","Web_Server","50e17b80-cb5c-4305-8a01-dd532eb63d4f","Web_Server",filebeat,"8.4.3","8.0.0","Provided Grok expressions do not match field value: [Oct 25 18:47:01 Web_Server CRON[18056]: pam_env(cron:session): Unable to open env file: /etc/default/locale: No such file or directory]","system.auth","Oct 26, 2022 @ 02:47:03.496",system,"Oct 25 18:47:01 Web_Server CRON[18056]: pam_env(cron:session): Unable to open env file: /etc/default/locale: No such file or directory","+00:00",auth,"x86_64",true,"Web_Server","172.24.2.100","02:42:ac:18:02:64","Web_Server",xenial,debian,"4.15.0-58-generic",Ubuntu,Ubuntu,ubuntu,linux,"16.04.6 LTS (Xenial Xerus)",log,"/var/log/auth.log","33,718",system
"Oct 26, 2022 @ 02:47:02.493",mXB4EIQBIBAo7axPRZ3R,".ds-filebeat-8.4.3-2022.10.25-000001","-","6343ae4e-0ee5-43d9-9891-576b2b8f9653","Web_Server","50e17b80-cb5c-4305-8a01-dd532eb63d4f","Web_Server",filebeat,"8.4.3","8.0.0","Provided Grok expressions do not match field value: [Oct 25 18:47:01 Web_Server CRON[18056]: pam_unix(cron:session): session opened for user root by (uid=0)]","system.auth","Oct 26, 2022 @ 02:47:08.497",system,"Oct 25 18:47:01 Web_Server CRON[18056]: pam_unix(cron:session): session opened for user root by (uid=0)","+00:00",auth,"x86_64",true,"Web_Server","172.24.2.100","02:42:ac:18:02:64","Web_Server",xenial,debian,"4.15.0-58-generic",Ubuntu,Ubuntu,ubuntu,linux,"16.04.6 LTS (Xenial Xerus)",log,"/var/log/auth.log","33,853",system
"Oct 26, 2022 @ 02:48:08.061",nHB5EIQBIBAo7axPRZ30,".ds-filebeat-8.4.3-2022.10.25-000001","-","6343ae4e-0ee5-43d9-9891-576b2b8f9653","Web_Server","50e17b80-cb5c-4305-8a01-dd532eb63d4f","Web_Server",filebeat,"8.4.3","8.0.0","Provided Grok expressions do not match field value: [Oct 25 18:48:01 Web_Server CRON[18097]: pam_unix(cron:session): session opened for user root by (uid=0)]","system.auth","Oct 26, 2022 @ 02:48:14.067",system,"Oct 25 18:48:01 Web_Server CRON[18097]: pam_unix(cron:session): session opened for user root by (uid=0)","+00:00",auth,"x86_64",true,"Web_Server","172.24.2.100","02:42:ac:18:02:64","Web_Server",xenial,debian,"4.15.0-58-generic",Ubuntu,Ubuntu,ubuntu,linux,"16.04.6 LTS (Xenial Xerus)",log,"/var/log/auth.log","34,092",system
"Oct 26, 2022 @ 02:45:11.195",k3B2EIQBIBAo7axPf52G,".ds-filebeat-8.4.3-2022.10.25-000001","-","6343ae4e-0ee5-43d9-9891-576b2b8f9653","Web_Server","50e17b80-cb5c-4305-8a01-dd532eb63d4f","Web_Server",filebeat,"8.4.3","8.0.0","Provided Grok expressions do not match field value: [Oct 25 18:45:01 Web_Server CRON[18044]: pam_env(cron:session): Unable to open env file: /etc/default/locale: No such file or directory]","system.auth","Oct 26, 2022 @ 02:45:12.198",system,"Oct 25 18:45:01 Web_Server CRON[18044]: pam_env(cron:session): Unable to open env file: /etc/default/locale: No such file or directory","+00:00",auth,"x86_64",true,"Web_Server","172.24.2.100","02:42:ac:18:02:64","Web_Server",xenial,debian,"4.15.0-58-generic",Ubuntu,Ubuntu,ubuntu,linux,"16.04.6 LTS (Xenial Xerus)",log,"/var/log/auth.log","33,240",system
"Oct 26, 2022 @ 02:42:06.171",inBzEIQBIBAo7axPwJ1Q,".ds-filebeat-8.4.3-2022.10.25-000001","-","6343ae4e-0ee5-43d9-9891-576b2b8f9653","Web_Server","50e17b80-cb5c-4305-8a01-dd532eb63d4f","Web_Server",filebeat,"8.4.3","8.0.0","Provided Grok expressions do not match field value: [Oct 25 18:42:01 Web_Server CRON[18026]: pam_unix(cron:session): session opened for user root by (uid=0)]","system.auth","Oct 26, 2022 @ 02:42:12.175",system,"Oct 25 18:42:01 Web_Server CRON[18026]: pam_unix(cron:session): session opened for user root by (uid=0)","+00:00",auth,"x86_64",true,"Web_Server","172.24.2.100","02:42:ac:18:02:64","Web_Server",xenial,debian,"4.15.0-58-generic",Ubuntu,Ubuntu,ubuntu,linux,"16.04.6 LTS (Xenial Xerus)",log,"/var/log/auth.log","32,658",system
"Oct 26, 2022 @ 02:44:06.183",kHB1EIQBIBAo7axPlZ0b,".ds-filebeat-8.4.3-2022.10.25-000001","-","6343ae4e-0ee5-43d9-9891-576b2b8f9653","Web_Server","50e17b80-cb5c-4305-8a01-dd532eb63d4f","Web_Server",filebeat,"8.4.3","8.0.0","Provided Grok expressions do not match field value: [Oct 25 18:44:01 Web_Server CRON[18038]: pam_unix(cron:session): session opened for user root by (uid=0)]","system.auth","Oct 26, 2022 @ 02:44:12.186",system,"Oct 25 18:44:01 Web_Server CRON[18038]: pam_unix(cron:session): session opened for user root by (uid=0)","+00:00",auth,"x86_64",true,"Web_Server","172.24.2.100","02:42:ac:18:02:64","Web_Server",xenial,debian,"4.15.0-58-generic",Ubuntu,Ubuntu,ubuntu,linux,"16.04.6 LTS (Xenial Xerus)",log,"/var/log/auth.log","33,136",system
"Oct 26, 2022 @ 02:43:11.176",jnB0EIQBIBAo7axPvp1B,".ds-filebeat-8.4.3-2022.10.25-000001","-","6343ae4e-0ee5-43d9-9891-576b2b8f9653","Web_Server","50e17b80-cb5c-4305-8a01-dd532eb63d4f","Web_Server",filebeat,"8.4.3","8.0.0","Provided Grok expressions do not match field value: [Oct 25 18:43:01 Web_Server CRON[18032]: pam_unix(cron:session): session opened for user root by (uid=0)]","system.auth","Oct 26, 2022 @ 02:43:17.184",system,"Oct 25 18:43:01 Web_Server CRON[18032]: pam_unix(cron:session): session opened for user root by (uid=0)","+00:00",auth,"x86_64",true,"Web_Server","172.24.2.100","02:42:ac:18:02:64","Web_Server",xenial,debian,"4.15.0-58-generic",Ubuntu,Ubuntu,ubuntu,linux,"16.04.6 LTS (Xenial Xerus)",log,"/var/log/auth.log","32,897",system
"Oct 26, 2022 @ 02:41:11.155",iHByEIQBIBAo7axP6Z1q,".ds-filebeat-8.4.3-2022.10.25-000001","-","6343ae4e-0ee5-43d9-9891-576b2b8f9653","Web_Server","50e17b80-cb5c-4305-8a01-dd532eb63d4f","Web_Server",filebeat,"8.4.3","8.0.0","Provided Grok expressions do not match field value: [Oct 25 18:41:01 Web_Server CRON[18020]: pam_unix(cron:session): session opened for user root by (uid=0)]","system.auth","Oct 26, 2022 @ 02:41:17.161",system,"Oct 25 18:41:01 Web_Server CRON[18020]: pam_unix(cron:session): session opened for user root by (uid=0)","+00:00",auth,"x86_64",true,"Web_Server","172.24.2.100","02:42:ac:18:02:64","Web_Server",xenial,debian,"4.15.0-58-generic",Ubuntu,Ubuntu,ubuntu,linux,"16.04.6 LTS (Xenial Xerus)",log,"/var/log/auth.log","32,419",system
"Oct 26, 2022 @ 02:44:06.183",j3B1EIQBIBAo7axPgZ2T,".ds-filebeat-8.4.3-2022.10.25-000001","-","6343ae4e-0ee5-43d9-9891-576b2b8f9653","Web_Server","50e17b80-cb5c-4305-8a01-dd532eb63d4f","Web_Server",filebeat,"8.4.3","8.0.0","Provided Grok expressions do not match field value: [Oct 25 18:44:01 Web_Server CRON[18038]: pam_env(cron:session): Unable to open env file: /etc/default/locale: No such file or directory]","system.auth","Oct 26, 2022 @ 02:44:07.186",system,"Oct 25 18:44:01 Web_Server CRON[18038]: pam_env(cron:session): Unable to open env file: /etc/default/locale: No such file or directory","+00:00",auth,"x86_64",true,"Web_Server","172.24.2.100","02:42:ac:18:02:64","Web_Server",xenial,debian,"4.15.0-58-generic",Ubuntu,Ubuntu,ubuntu,linux,"16.04.6 LTS (Xenial Xerus)",log,"/var/log/auth.log","33,001",system
"Oct 26, 2022 @ 02:42:06.170",iXBzEIQBIBAo7axPrJ3H,".ds-filebeat-8.4.3-2022.10.25-000001","-","6343ae4e-0ee5-43d9-9891-576b2b8f9653","Web_Server","50e17b80-cb5c-4305-8a01-dd532eb63d4f","Web_Server",filebeat,"8.4.3","8.0.0","Provided Grok expressions do not match field value: [Oct 25 18:42:01 Web_Server CRON[18026]: pam_env(cron:session): Unable to open env file: /etc/default/locale: No such file or directory]","system.auth","Oct 26, 2022 @ 02:42:07.174",system,"Oct 25 18:42:01 Web_Server CRON[18026]: pam_env(cron:session): Unable to open env file: /etc/default/locale: No such file or directory","+00:00",auth,"x86_64",true,"Web_Server","172.24.2.100","02:42:ac:18:02:64","Web_Server",xenial,debian,"4.15.0-58-generic",Ubuntu,Ubuntu,ubuntu,linux,"16.04.6 LTS (Xenial Xerus)",log,"/var/log/auth.log","32,523",system
"Oct 26, 2022 @ 02:43:11.176",jXB0EIQBIBAo7axPqp20,".ds-filebeat-8.4.3-2022.10.25-000001","-","6343ae4e-0ee5-43d9-9891-576b2b8f9653","Web_Server","50e17b80-cb5c-4305-8a01-dd532eb63d4f","Web_Server",filebeat,"8.4.3","8.0.0","Provided Grok expressions do not match field value: [Oct 25 18:43:01 Web_Server CRON[18032]: pam_env(cron:session): Unable to open env file: /etc/default/locale: No such file or directory]","system.auth","Oct 26, 2022 @ 02:43:12.179",system,"Oct 25 18:43:01 Web_Server CRON[18032]: pam_env(cron:session): Unable to open env file: /etc/default/locale: No such file or directory","+00:00",auth,"x86_64",true,"Web_Server","172.24.2.100","02:42:ac:18:02:64","Web_Server",xenial,debian,"4.15.0-58-generic",Ubuntu,Ubuntu,ubuntu,linux,"16.04.6 LTS (Xenial Xerus)",log,"/var/log/auth.log","32,762",system
"Oct 26, 2022 @ 02:39:10.132",gHBxEIQBIBAo7axPEJ2p,".ds-filebeat-8.4.3-2022.10.25-000001","-","6343ae4e-0ee5-43d9-9891-576b2b8f9653","Web_Server","50e17b80-cb5c-4305-8a01-dd532eb63d4f","Web_Server",filebeat,"8.4.3","8.0.0","Provided Grok expressions do not match field value: [Oct 25 18:39:01 Web_Server CRON[17912]: pam_unix(cron:session): session opened for user root by (uid=0)]","system.auth","Oct 26, 2022 @ 02:39:16.137",system,"Oct 25 18:39:01 Web_Server CRON[17912]: pam_unix(cron:session): session opened for user root by (uid=0)","+00:00",auth,"x86_64",true,"Web_Server","172.24.2.100","02:42:ac:18:02:64","Web_Server",xenial,debian,"4.15.0-58-generic",Ubuntu,Ubuntu,ubuntu,linux,"16.04.6 LTS (Xenial Xerus)",log,"/var/log/auth.log","31,848",system
"Oct 26, 2022 @ 02:41:11.155",h3ByEIQBIBAo7axP1Z3e,".ds-filebeat-8.4.3-2022.10.25-000001","-","6343ae4e-0ee5-43d9-9891-576b2b8f9653","Web_Server","50e17b80-cb5c-4305-8a01-dd532eb63d4f","Web_Server",filebeat,"8.4.3","8.0.0","Provided Grok expressions do not match field value: [Oct 25 18:41:01 Web_Server CRON[18020]: pam_env(cron:session): Unable to open env file: /etc/default/locale: No such file or directory]","system.auth","Oct 26, 2022 @ 02:41:12.158",system,"Oct 25 18:41:01 Web_Server CRON[18020]: pam_env(cron:session): Unable to open env file: /etc/default/locale: No such file or directory","+00:00",auth,"x86_64",true,"Web_Server","172.24.2.100","02:42:ac:18:02:64","Web_Server",xenial,debian,"4.15.0-58-generic",Ubuntu,Ubuntu,ubuntu,linux,"16.04.6 LTS (Xenial Xerus)",log,"/var/log/auth.log","32,284",system
"Oct 26, 2022 @ 02:40:05.141","gXBxEIQBIBAo7axP053_",".ds-filebeat-8.4.3-2022.10.25-000001","-","6343ae4e-0ee5-43d9-9891-576b2b8f9653","Web_Server","50e17b80-cb5c-4305-8a01-dd532eb63d4f","Web_Server",filebeat,"8.4.3","8.0.0","Provided Grok expressions do not match field value: [Oct 25 18:40:01 Web_Server CRON[18011]: pam_env(cron:session): Unable to open env file: /etc/default/locale: No such file or directory]","system.auth","Oct 26, 2022 @ 02:40:06.142",system,"Oct 25 18:40:01 Web_Server CRON[18011]: pam_env(cron:session): Unable to open env file: /etc/default/locale: No such file or directory","+00:00",auth,"x86_64",true,"Web_Server","172.24.2.100","02:42:ac:18:02:64","Web_Server",xenial,debian,"4.15.0-58-generic",Ubuntu,Ubuntu,ubuntu,linux,"16.04.6 LTS (Xenial Xerus)",log,"/var/log/auth.log","31,952",system
"Oct 26, 2022 @ 02:40:05.141",gnBxEIQBIBAo7axP153o,".ds-filebeat-8.4.3-2022.10.25-000001","-","6343ae4e-0ee5-43d9-9891-576b2b8f9653","Web_Server","50e17b80-cb5c-4305-8a01-dd532eb63d4f","Web_Server",filebeat,"8.4.3","8.0.0","Provided Grok expressions do not match field value: [Oct 25 18:40:01 Web_Server CRON[18011]: pam_unix(cron:session): session opened for user root by (uid=0)]","system.auth","Oct 26, 2022 @ 02:40:07.144",system,"Oct 25 18:40:01 Web_Server CRON[18011]: pam_unix(cron:session): session opened for user root by (uid=0)","+00:00",auth,"x86_64",true,"Web_Server","172.24.2.100","02:42:ac:18:02:64","Web_Server",xenial,debian,"4.15.0-58-generic",Ubuntu,Ubuntu,ubuntu,linux,"16.04.6 LTS (Xenial Xerus)",log,"/var/log/auth.log","32,087",system
"Oct 26, 2022 @ 02:40:06.141",hHBxEIQBIBAo7axP651y,".ds-filebeat-8.4.3-2022.10.25-000001","-","6343ae4e-0ee5-43d9-9891-576b2b8f9653","Web_Server","50e17b80-cb5c-4305-8a01-dd532eb63d4f","Web_Server",filebeat,"8.4.3","8.0.0","Provided Grok expressions do not match field value: [Oct 25 18:40:06 Web_Server CRON[17912]: pam_unix(cron:session): session closed for user root]","system.auth","Oct 26, 2022 @ 02:40:12.145",system,"Oct 25 18:40:06 Web_Server CRON[17912]: pam_unix(cron:session): session closed for user root","+00:00",auth,"x86_64",true,"Web_Server","172.24.2.100","02:42:ac:18:02:64","Web_Server",xenial,debian,"4.15.0-58-generic",Ubuntu,Ubuntu,ubuntu,linux,"16.04.6 LTS (Xenial Xerus)",log,"/var/log/auth.log","32,191",system
"Oct 26, 2022 @ 02:39:10.132","f3BwEIQBIBAo7axP_Z0f",".ds-filebeat-8.4.3-2022.10.25-000001","-","6343ae4e-0ee5-43d9-9891-576b2b8f9653","Web_Server","50e17b80-cb5c-4305-8a01-dd532eb63d4f","Web_Server",filebeat,"8.4.3","8.0.0","Provided Grok expressions do not match field value: [Oct 25 18:39:01 Web_Server CRON[17913]: pam_unix(cron:session): session opened for user root by (uid=0)]","system.auth","Oct 26, 2022 @ 02:39:11.135",system,"Oct 25 18:39:01 Web_Server CRON[17913]: pam_unix(cron:session): session opened for user root by (uid=0)","+00:00",auth,"x86_64",true,"Web_Server","172.24.2.100","02:42:ac:18:02:64","Web_Server",xenial,debian,"4.15.0-58-generic",Ubuntu,Ubuntu,ubuntu,linux,"16.04.6 LTS (Xenial Xerus)",log,"/var/log/auth.log","31,744",system
"Oct 26, 2022 @ 02:39:10.132","fnBwEIQBIBAo7axP_Z0f",".ds-filebeat-8.4.3-2022.10.25-000001","-","6343ae4e-0ee5-43d9-9891-576b2b8f9653","Web_Server","50e17b80-cb5c-4305-8a01-dd532eb63d4f","Web_Server",filebeat,"8.4.3","8.0.0","Provided Grok expressions do not match field value: [Oct 25 18:39:01 Web_Server CRON[17912]: pam_env(cron:session): Unable to open env file: /etc/default/locale: No such file or directory]","system.auth","Oct 26, 2022 @ 02:39:11.135",system,"Oct 25 18:39:01 Web_Server CRON[17912]: pam_env(cron:session): Unable to open env file: /etc/default/locale: No such file or directory","+00:00",auth,"x86_64",true,"Web_Server","172.24.2.100","02:42:ac:18:02:64","Web_Server",xenial,debian,"4.15.0-58-generic",Ubuntu,Ubuntu,ubuntu,linux,"16.04.6 LTS (Xenial Xerus)",log,"/var/log/auth.log","31,609",system
"Oct 26, 2022 @ 02:39:10.132","fXBwEIQBIBAo7axP_Z0f",".ds-filebeat-8.4.3-2022.10.25-000001","-","6343ae4e-0ee5-43d9-9891-576b2b8f9653","Web_Server","50e17b80-cb5c-4305-8a01-dd532eb63d4f","Web_Server",filebeat,"8.4.3","8.0.0","Provided Grok expressions do not match field value: [Oct 25 18:39:01 Web_Server CRON[17913]: pam_env(cron:session): Unable to open env file: /etc/default/locale: No such file or directory]","system.auth","Oct 26, 2022 @ 02:39:11.134",system,"Oct 25 18:39:01 Web_Server CRON[17913]: pam_env(cron:session): Unable to open env file: /etc/default/locale: No such file or directory","+00:00",auth,"x86_64",true,"Web_Server","172.24.2.100","02:42:ac:18:02:64","Web_Server",xenial,debian,"4.15.0-58-generic",Ubuntu,Ubuntu,ubuntu,linux,"16.04.6 LTS (Xenial Xerus)",log,"/var/log/auth.log","31,474",system
"Oct 26, 2022 @ 02:35:29.811",b3BtEIQBIBAo7axPoJ2A,".ds-filebeat-8.4.3-2022.10.25-000001","-","6343ae4e-0ee5-43d9-9891-576b2b8f9653","Web_Server","50e17b80-cb5c-4305-8a01-dd532eb63d4f","Web_Server",filebeat,"8.4.3","8.0.0","Provided Grok expressions do not match field value: [Oct 25 18:35:26 Web_Server sudo: pam_unix(sudo:auth): auth could not identify password for [www-data]]","system.auth","Oct 26, 2022 @ 02:35:30.816",system,"Oct 25 18:35:26 Web_Server sudo: pam_unix(sudo:auth): auth could not identify password for [www-data]","+00:00",auth,"x86_64",true,"Web_Server","172.24.2.100","02:42:ac:18:02:64","Web_Server",xenial,debian,"4.15.0-58-generic",Ubuntu,Ubuntu,ubuntu,linux,"16.04.6 LTS (Xenial Xerus)",log,"/var/log/auth.log","30,510",system
"Oct 26, 2022 @ 02:37:10.046",d3BvEIQBIBAo7axPO52Q,".ds-filebeat-8.4.3-2022.10.25-000001","-","6343ae4e-0ee5-43d9-9891-576b2b8f9653","Web_Server","50e17b80-cb5c-4305-8a01-dd532eb63d4f","Web_Server",filebeat,"8.4.3","8.0.0","Provided Grok expressions do not match field value: [Oct 25 18:37:01 Web_Server CRON[16567]: pam_unix(cron:session): session opened for user root by (uid=0)]","system.auth","Oct 26, 2022 @ 02:37:16.048",system,"Oct 25 18:37:01 Web_Server CRON[16567]: pam_unix(cron:session): session opened for user root by (uid=0)","+00:00",auth,"x86_64",true,"Web_Server","172.24.2.100","02:42:ac:18:02:64","Web_Server",xenial,debian,"4.15.0-58-generic",Ubuntu,Ubuntu,ubuntu,linux,"16.04.6 LTS (Xenial Xerus)",log,"/var/log/auth.log","31,131",system
"Oct 26, 2022 @ 02:38:05.123",eXBwEIQBIBAo7axPEp26,".ds-filebeat-8.4.3-2022.10.25-000001","-","6343ae4e-0ee5-43d9-9891-576b2b8f9653","Web_Server","50e17b80-cb5c-4305-8a01-dd532eb63d4f","Web_Server",filebeat,"8.4.3","8.0.0","Provided Grok expressions do not match field value: [Oct 25 18:38:01 Web_Server CRON[17245]: pam_unix(cron:session): session opened for user root by (uid=0)]","system.auth","Oct 26, 2022 @ 02:38:11.129",system,"Oct 25 18:38:01 Web_Server CRON[17245]: pam_unix(cron:session): session opened for user root by (uid=0)","+00:00",auth,"x86_64",true,"Web_Server","172.24.2.100","02:42:ac:18:02:64","Web_Server",xenial,debian,"4.15.0-58-generic",Ubuntu,Ubuntu,ubuntu,linux,"16.04.6 LTS (Xenial Xerus)",log,"/var/log/auth.log","31,370",system
"Oct 26, 2022 @ 02:38:05.123","eHBvEIQBIBAo7axP_50v",".ds-filebeat-8.4.3-2022.10.25-000001","-","6343ae4e-0ee5-43d9-9891-576b2b8f9653","Web_Server","50e17b80-cb5c-4305-8a01-dd532eb63d4f","Web_Server",filebeat,"8.4.3","8.0.0","Provided Grok expressions do not match field value: [Oct 25 18:38:01 Web_Server CRON[17245]: pam_env(cron:session): Unable to open env file: /etc/default/locale: No such file or directory]","system.auth","Oct 26, 2022 @ 02:38:06.127",system,"Oct 25 18:38:01 Web_Server CRON[17245]: pam_env(cron:session): Unable to open env file: /etc/default/locale: No such file or directory","+00:00",auth,"x86_64",true,"Web_Server","172.24.2.100","02:42:ac:18:02:64","Web_Server",xenial,debian,"4.15.0-58-generic",Ubuntu,Ubuntu,ubuntu,linux,"16.04.6 LTS (Xenial Xerus)",log,"/var/log/auth.log","31,235",system
"Oct 26, 2022 @ 02:36:05.028",cnBuEIQBIBAo7axPKp0P,".ds-filebeat-8.4.3-2022.10.25-000001","-","6343ae4e-0ee5-43d9-9891-576b2b8f9653","Web_Server","50e17b80-cb5c-4305-8a01-dd532eb63d4f","Web_Server",filebeat,"8.4.3","8.0.0","Provided Grok expressions do not match field value: [Oct 25 18:36:01 Web_Server CRON[15987]: pam_env(cron:session): Unable to open env file: /etc/default/locale: No such file or directory]","system.auth","Oct 26, 2022 @ 02:36:06.031",system,"Oct 25 18:36:01 Web_Server CRON[15987]: pam_env(cron:session): Unable to open env file: /etc/default/locale: No such file or directory","+00:00",auth,"x86_64",true,"Web_Server","172.24.2.100","02:42:ac:18:02:64","Web_Server",xenial,debian,"4.15.0-58-generic",Ubuntu,Ubuntu,ubuntu,linux,"16.04.6 LTS (Xenial Xerus)",log,"/var/log/auth.log","30,757",system
"Oct 26, 2022 @ 02:36:05.028",c3BuEIQBIBAo7axPPZ2Y,".ds-filebeat-8.4.3-2022.10.25-000001","-","6343ae4e-0ee5-43d9-9891-576b2b8f9653","Web_Server","50e17b80-cb5c-4305-8a01-dd532eb63d4f","Web_Server",filebeat,"8.4.3","8.0.0","Provided Grok expressions do not match field value: [Oct 25 18:36:01 Web_Server CRON[15987]: pam_unix(cron:session): session opened for user root by (uid=0)]","system.auth","Oct 26, 2022 @ 02:36:11.031",system,"Oct 25 18:36:01 Web_Server CRON[15987]: pam_unix(cron:session): session opened for user root by (uid=0)","+00:00",auth,"x86_64",true,"Web_Server","172.24.2.100","02:42:ac:18:02:64","Web_Server",xenial,debian,"4.15.0-58-generic",Ubuntu,Ubuntu,ubuntu,linux,"16.04.6 LTS (Xenial Xerus)",log,"/var/log/auth.log","30,892",system
"Oct 26, 2022 @ 02:37:10.046",dnBvEIQBIBAo7axPKJ0L,".ds-filebeat-8.4.3-2022.10.25-000001","-","6343ae4e-0ee5-43d9-9891-576b2b8f9653","Web_Server","50e17b80-cb5c-4305-8a01-dd532eb63d4f","Web_Server",filebeat,"8.4.3","8.0.0","Provided Grok expressions do not match field value: [Oct 25 18:37:01 Web_Server CRON[16567]: pam_env(cron:session): Unable to open env file: /etc/default/locale: No such file or directory]","system.auth","Oct 26, 2022 @ 02:37:11.050",system,"Oct 25 18:37:01 Web_Server CRON[16567]: pam_env(cron:session): Unable to open env file: /etc/default/locale: No such file or directory","+00:00",auth,"x86_64",true,"Web_Server","172.24.2.100","02:42:ac:18:02:64","Web_Server",xenial,debian,"4.15.0-58-generic",Ubuntu,Ubuntu,ubuntu,linux,"16.04.6 LTS (Xenial Xerus)",log,"/var/log/auth.log","30,996",system
"Oct 26, 2022 @ 02:35:29.811",cHBtEIQBIBAo7axPuJ30,".ds-filebeat-8.4.3-2022.10.25-000001","-","6343ae4e-0ee5-43d9-9891-576b2b8f9653","Web_Server","50e17b80-cb5c-4305-8a01-dd532eb63d4f","Web_Server",filebeat,"8.4.3","8.0.0","Provided Grok expressions do not match field value: [Oct 25 18:35:26 Web_Server sudo: www-data : user NOT in sudoers ; TTY=unknown ; PWD=/var/www/html/uploadImage/Logo ; USER=root ; COMMAND=/bin/su]","system.auth","Oct 26, 2022 @ 02:35:37.076",system,"Oct 25 18:35:26 Web_Server sudo: www-data : user NOT in sudoers ; TTY=unknown ; PWD=/var/www/html/uploadImage/Logo ; USER=root ; COMMAND=/bin/su","+00:00",auth,"x86_64",true,"Web_Server","172.24.2.100","02:42:ac:18:02:64","Web_Server",xenial,debian,"4.15.0-58-generic",Ubuntu,Ubuntu,ubuntu,linux,"16.04.6 LTS (Xenial Xerus)",log,"/var/log/auth.log","30,612",system
"Oct 26, 2022 @ 02:35:04.806",RXBtEIQBIBAo7axPPp3R,".ds-filebeat-8.4.3-2022.10.25-000001","-","6343ae4e-0ee5-43d9-9891-576b2b8f9653","Web_Server","50e17b80-cb5c-4305-8a01-dd532eb63d4f","Web_Server",filebeat,"8.4.3","8.0.0","Provided Grok expressions do not match field value: [Oct 25 18:35:01 Web_Server CRON[15302]: pam_env(cron:session): Unable to open env file: /etc/default/locale: No such file or directory]","system.auth","Oct 26, 2022 @ 02:35:05.808",system,"Oct 25 18:35:01 Web_Server CRON[15302]: pam_env(cron:session): Unable to open env file: /etc/default/locale: No such file or directory","+00:00",auth,"x86_64",true,"Web_Server","172.24.2.100","02:42:ac:18:02:64","Web_Server",xenial,debian,"4.15.0-58-generic",Ubuntu,Ubuntu,ubuntu,linux,"16.04.6 LTS (Xenial Xerus)",log,"/var/log/auth.log","30,271",system
"Oct 26, 2022 @ 02:35:04.806",RnBtEIQBIBAo7axPUp1Z,".ds-filebeat-8.4.3-2022.10.25-000001","-","6343ae4e-0ee5-43d9-9891-576b2b8f9653","Web_Server","50e17b80-cb5c-4305-8a01-dd532eb63d4f","Web_Server",filebeat,"8.4.3","8.0.0","Provided Grok expressions do not match field value: [Oct 25 18:35:01 Web_Server CRON[15302]: pam_unix(cron:session): session opened for user root by (uid=0)]","system.auth","Oct 26, 2022 @ 02:35:10.809",system,"Oct 25 18:35:01 Web_Server CRON[15302]: pam_unix(cron:session): session opened for user root by (uid=0)","+00:00",auth,"x86_64",true,"Web_Server","172.24.2.100","02:42:ac:18:02:64","Web_Server",xenial,debian,"4.15.0-58-generic",Ubuntu,Ubuntu,ubuntu,linux,"16.04.6 LTS (Xenial Xerus)",log,"/var/log/auth.log","30,406",system
"Oct 26, 2022 @ 03:01:05.287","_3CFEIQBIBAo7axPIZ37",".ds-filebeat-8.4.3-2022.10.25-000001","-","6343ae4e-0ee5-43d9-9891-576b2b8f9653","Web_Server","50e17b80-cb5c-4305-8a01-dd532eb63d4f","Web_Server",filebeat,"8.4.3","8.0.0","Provided Grok expressions do not match field value: [Oct 25 19:01:01 Web_Server CRON[22703]: pam_unix(cron:session): session opened for user root by (uid=0)]","system.auth","Oct 26, 2022 @ 03:01:11.291",system,"Oct 25 19:01:01 Web_Server CRON[22703]: pam_unix(cron:session): session opened for user root by (uid=0)","+00:00",auth,"x86_64",true,"Web_Server","172.24.2.100","02:42:ac:18:02:64","Web_Server",xenial,debian,"4.15.0-58-generic",Ubuntu,Ubuntu,ubuntu,linux,"16.04.6 LTS (Xenial Xerus)",log,"/var/log/auth.log","39,054",system
"Oct 26, 2022 @ 03:01:05.287","_nCFEIQBIBAo7axPDp2t",".ds-filebeat-8.4.3-2022.10.25-000001","-","6343ae4e-0ee5-43d9-9891-576b2b8f9653","Web_Server","50e17b80-cb5c-4305-8a01-dd532eb63d4f","Web_Server",filebeat,"8.4.3","8.0.0","Provided Grok expressions do not match field value: [Oct 25 19:01:01 Web_Server CRON[22703]: pam_env(cron:session): Unable to open env file: /etc/default/locale: No such file or directory]","system.auth","Oct 26, 2022 @ 03:01:06.348",system,"Oct 25 19:01:01 Web_Server CRON[22703]: pam_env(cron:session): Unable to open env file: /etc/default/locale: No such file or directory","+00:00",auth,"x86_64",true,"Web_Server","172.24.2.100","02:42:ac:18:02:64","Web_Server",xenial,debian,"4.15.0-58-generic",Ubuntu,Ubuntu,ubuntu,linux,"16.04.6 LTS (Xenial Xerus)",log,"/var/log/auth.log","38,919",system
"Oct 26, 2022 @ 03:02:10.293",AnCGEIQBIBAo7axPH57p,".ds-filebeat-8.4.3-2022.10.25-000001","-","6343ae4e-0ee5-43d9-9891-576b2b8f9653","Web_Server","50e17b80-cb5c-4305-8a01-dd532eb63d4f","Web_Server",filebeat,"8.4.3","8.0.0","Provided Grok expressions do not match field value: [Oct 25 19:02:02 Web_Server CRON[23074]: pam_unix(cron:session): session opened for user root by (uid=0)]","system.auth","Oct 26, 2022 @ 03:02:16.296",system,"Oct 25 19:02:02 Web_Server CRON[23074]: pam_unix(cron:session): session opened for user root by (uid=0)","+00:00",auth,"x86_64",true,"Web_Server","172.24.2.100","02:42:ac:18:02:64","Web_Server",xenial,debian,"4.15.0-58-generic",Ubuntu,Ubuntu,ubuntu,linux,"16.04.6 LTS (Xenial Xerus)",log,"/var/log/auth.log","39,293",system
"Oct 26, 2022 @ 03:02:10.293",AXCGEIQBIBAo7axPDJ5g,".ds-filebeat-8.4.3-2022.10.25-000001","-","6343ae4e-0ee5-43d9-9891-576b2b8f9653","Web_Server","50e17b80-cb5c-4305-8a01-dd532eb63d4f","Web_Server",filebeat,"8.4.3","8.0.0","Provided Grok expressions do not match field value: [Oct 25 19:02:01 Web_Server CRON[23074]: pam_env(cron:session): Unable to open env file: /etc/default/locale: No such file or directory]","system.auth","Oct 26, 2022 @ 03:02:11.295",system,"Oct 25 19:02:01 Web_Server CRON[23074]: pam_env(cron:session): Unable to open env file: /etc/default/locale: No such file or directory","+00:00",auth,"x86_64",true,"Web_Server","172.24.2.100","02:42:ac:18:02:64","Web_Server",xenial,debian,"4.15.0-58-generic",Ubuntu,Ubuntu,ubuntu,linux,"16.04.6 LTS (Xenial Xerus)",log,"/var/log/auth.log","39,158",system
