"@timestamp",message,"log.file.path","agent.hostname"
"Oct 26, 2022 @ 02:22:53.079","172.24.2.11 - - [25/Oct/2022:18:21:19 +0000] ""GET /newsletter_manage.php HTTP/1.1"" 404 435 ""-"" ""gobuster/3.2.0-dev""","/var/log/apache2/access.log","Web_Server"
"Oct 26, 2022 @ 02:22:53.079","127.0.0.1 - - [25/Oct/2022:18:21:19 +0000] ""OPTIONS * HTTP/1.0"" 200 126 ""-"" ""Apache/2.4.18 (Ubuntu) (internal dummy connection)""","/var/log/apache2/access.log","Web_Server"
"Oct 26, 2022 @ 02:22:53.079","127.0.0.1 - - [25/Oct/2022:18:21:20 +0000] ""OPTIONS * HTTP/1.0"" 200 126 ""-"" ""Apache/2.4.18 (Ubuntu) (internal dummy connection)""","/var/log/apache2/access.log","Web_Server"
"Oct 26, 2022 @ 02:22:53.079","127.0.0.1 - - [25/Oct/2022:18:21:21 +0000] ""OPTIONS * HTTP/1.0"" 200 126 ""-"" ""Apache/2.4.18 (Ubuntu) (internal dummy connection)""","/var/log/apache2/access.log","Web_Server"
"Oct 26, 2022 @ 02:22:53.079","127.0.0.1 - - [25/Oct/2022:18:21:22 +0000] ""OPTIONS * HTTP/1.0"" 200 126 ""-"" ""Apache/2.4.18 (Ubuntu) (internal dummy connection)""","/var/log/apache2/access.log","Web_Server"
"Oct 26, 2022 @ 02:22:53.079","127.0.0.1 - - [25/Oct/2022:18:21:23 +0000] ""OPTIONS * HTTP/1.0"" 200 126 ""-"" ""Apache/2.4.18 (Ubuntu) (internal dummy connection)""","/var/log/apache2/access.log","Web_Server"
"Oct 26, 2022 @ 02:22:53.079","127.0.0.1 - - [25/Oct/2022:18:21:24 +0000] ""OPTIONS * HTTP/1.0"" 200 126 ""-"" ""Apache/2.4.18 (Ubuntu) (internal dummy connection)""","/var/log/apache2/access.log","Web_Server"
"Oct 26, 2022 @ 02:22:53.078","172.24.2.11 - - [25/Oct/2022:18:21:19 +0000] ""GET /surveys.php HTTP/1.1"" 404 435 ""-"" ""gobuster/3.2.0-dev""","/var/log/apache2/access.log","Web_Server"
"Oct 26, 2022 @ 02:22:53.078","172.24.2.11 - - [25/Oct/2022:18:21:19 +0000] ""GET /406.php HTTP/1.1"" 404 435 ""-"" ""gobuster/3.2.0-dev""","/var/log/apache2/access.log","Web_Server"
"Oct 26, 2022 @ 02:22:53.078","172.24.2.11 - - [25/Oct/2022:18:21:19 +0000] ""GET /aggregator HTTP/1.1"" 404 435 ""-"" ""gobuster/3.2.0-dev""","/var/log/apache2/access.log","Web_Server"
"Oct 26, 2022 @ 02:22:53.078","172.24.2.11 - - [25/Oct/2022:18:21:19 +0000] ""GET /313 HTTP/1.1"" 404 435 ""-"" ""gobuster/3.2.0-dev""","/var/log/apache2/access.log","Web_Server"
"Oct 26, 2022 @ 02:22:52.192","172.24.2.11 - - [25/Oct/2022:18:21:19 +0000] ""GET /270.php HTTP/1.1"" 404 435 ""-"" ""gobuster/3.2.0-dev""","/var/log/apache2/access.log","Web_Server"
"Oct 26, 2022 @ 02:22:52.192","172.24.2.11 - - [25/Oct/2022:18:21:19 +0000] ""GET /films.php HTTP/1.1"" 404 435 ""-"" ""gobuster/3.2.0-dev""","/var/log/apache2/access.log","Web_Server"
"Oct 26, 2022 @ 02:22:52.192","172.24.2.11 - - [25/Oct/2022:18:21:19 +0000] ""GET /newsletter_manage HTTP/1.1"" 404 435 ""-"" ""gobuster/3.2.0-dev""","/var/log/apache2/access.log","Web_Server"
"Oct 26, 2022 @ 02:22:52.192","172.24.2.11 - - [25/Oct/2022:18:21:19 +0000] ""GET /270 HTTP/1.1"" 404 435 ""-"" ""gobuster/3.2.0-dev""","/var/log/apache2/access.log","Web_Server"
"Oct 26, 2022 @ 02:22:52.192","172.24.2.11 - - [25/Oct/2022:18:21:19 +0000] ""GET /films HTTP/1.1"" 404 435 ""-"" ""gobuster/3.2.0-dev""","/var/log/apache2/access.log","Web_Server"
"Oct 26, 2022 @ 02:22:52.191","172.24.2.11 - - [25/Oct/2022:18:21:19 +0000] ""GET /249.php HTTP/1.1"" 404 435 ""-"" ""gobuster/3.2.0-dev""","/var/log/apache2/access.log","Web_Server"
"Oct 26, 2022 @ 02:22:52.191","172.24.2.11 - - [25/Oct/2022:18:21:19 +0000] ""GET /ui HTTP/1.1"" 404 435 ""-"" ""gobuster/3.2.0-dev""","/var/log/apache2/access.log","Web_Server"
"Oct 26, 2022 @ 02:22:52.191","172.24.2.11 - - [25/Oct/2022:18:21:19 +0000] ""GET /200611 HTTP/1.1"" 404 435 ""-"" ""gobuster/3.2.0-dev""","/var/log/apache2/access.log","Web_Server"
"Oct 26, 2022 @ 02:22:52.191","172.24.2.11 - - [25/Oct/2022:18:21:19 +0000] ""GET /200611.php HTTP/1.1"" 404 435 ""-"" ""gobuster/3.2.0-dev""","/var/log/apache2/access.log","Web_Server"
"Oct 26, 2022 @ 02:22:52.191","172.24.2.11 - - [25/Oct/2022:18:21:19 +0000] ""GET /produkte.php HTTP/1.1"" 404 454 ""-"" ""gobuster/3.2.0-dev""","/var/log/apache2/access.log","Web_Server"
"Oct 26, 2022 @ 02:22:52.191","172.24.2.11 - - [25/Oct/2022:18:21:19 +0000] ""GET /en-US.php HTTP/1.1"" 404 435 ""-"" ""gobuster/3.2.0-dev""","/var/log/apache2/access.log","Web_Server"
"Oct 26, 2022 @ 02:22:52.191","172.24.2.11 - - [25/Oct/2022:18:21:19 +0000] ""GET /previews HTTP/1.1"" 404 435 ""-"" ""gobuster/3.2.0-dev""","/var/log/apache2/access.log","Web_Server"
"Oct 26, 2022 @ 02:22:52.191","172.24.2.11 - - [25/Oct/2022:18:21:19 +0000] ""GET /rc HTTP/1.1"" 404 435 ""-"" ""gobuster/3.2.0-dev""","/var/log/apache2/access.log","Web_Server"
"Oct 26, 2022 @ 02:22:52.191","172.24.2.11 - - [25/Oct/2022:18:21:19 +0000] ""GET /hot HTTP/1.1"" 404 435 ""-"" ""gobuster/3.2.0-dev""","/var/log/apache2/access.log","Web_Server"
"Oct 26, 2022 @ 02:22:52.191","172.24.2.11 - - [25/Oct/2022:18:21:19 +0000] ""GET /hot.php HTTP/1.1"" 404 435 ""-"" ""gobuster/3.2.0-dev""","/var/log/apache2/access.log","Web_Server"
"Oct 26, 2022 @ 02:22:52.191","172.24.2.11 - - [25/Oct/2022:18:21:19 +0000] ""GET /innovation HTTP/1.1"" 404 435 ""-"" ""gobuster/3.2.0-dev""","/var/log/apache2/access.log","Web_Server"
"Oct 26, 2022 @ 02:22:52.191","172.24.2.11 - - [25/Oct/2022:18:21:19 +0000] ""GET /innovation.php HTTP/1.1"" 404 435 ""-"" ""gobuster/3.2.0-dev""","/var/log/apache2/access.log","Web_Server"
"Oct 26, 2022 @ 02:22:52.191","172.24.2.11 - - [25/Oct/2022:18:21:19 +0000] ""GET /previews.php HTTP/1.1"" 404 435 ""-"" ""gobuster/3.2.0-dev""","/var/log/apache2/access.log","Web_Server"
"Oct 26, 2022 @ 02:22:52.191","172.24.2.11 - - [25/Oct/2022:18:21:19 +0000] ""GET /aup HTTP/1.1"" 404 435 ""-"" ""gobuster/3.2.0-dev""","/var/log/apache2/access.log","Web_Server"
"Oct 26, 2022 @ 02:22:52.191","172.24.2.11 - - [25/Oct/2022:18:21:19 +0000] ""GET /rc.php HTTP/1.1"" 404 435 ""-"" ""gobuster/3.2.0-dev""","/var/log/apache2/access.log","Web_Server"
"Oct 26, 2022 @ 02:22:52.191","172.24.2.11 - - [25/Oct/2022:18:21:19 +0000] ""GET /surveys HTTP/1.1"" 404 435 ""-"" ""gobuster/3.2.0-dev""","/var/log/apache2/access.log","Web_Server"
"Oct 26, 2022 @ 02:22:52.191","172.24.2.11 - - [25/Oct/2022:18:21:19 +0000] ""GET /webservices HTTP/1.1"" 404 435 ""-"" ""gobuster/3.2.0-dev""","/var/log/apache2/access.log","Web_Server"
"Oct 26, 2022 @ 02:22:52.191","172.24.2.11 - - [25/Oct/2022:18:21:19 +0000] ""GET /ui.php HTTP/1.1"" 404 435 ""-"" ""gobuster/3.2.0-dev""","/var/log/apache2/access.log","Web_Server"
"Oct 26, 2022 @ 02:22:52.191","172.24.2.11 - - [25/Oct/2022:18:21:19 +0000] ""GET /webservices.php HTTP/1.1"" 404 435 ""-"" ""gobuster/3.2.0-dev""","/var/log/apache2/access.log","Web_Server"
"Oct 26, 2022 @ 02:22:52.191","172.24.2.11 - - [25/Oct/2022:18:21:19 +0000] ""GET /aggregator.php HTTP/1.1"" 404 435 ""-"" ""gobuster/3.2.0-dev""","/var/log/apache2/access.log","Web_Server"
"Oct 26, 2022 @ 02:22:52.191","172.24.2.11 - - [25/Oct/2022:18:21:19 +0000] ""GET /406 HTTP/1.1"" 404 435 ""-"" ""gobuster/3.2.0-dev""","/var/log/apache2/access.log","Web_Server"
"Oct 26, 2022 @ 02:22:52.191","172.24.2.11 - - [25/Oct/2022:18:21:19 +0000] ""GET /313.php HTTP/1.1"" 404 435 ""-"" ""gobuster/3.2.0-dev""","/var/log/apache2/access.log","Web_Server"
"Oct 26, 2022 @ 02:22:52.190","172.24.2.11 - - [25/Oct/2022:18:21:19 +0000] ""GET /icon_profile.php HTTP/1.1"" 404 435 ""-"" ""gobuster/3.2.0-dev""","/var/log/apache2/access.log","Web_Server"
"Oct 26, 2022 @ 02:22:52.190","172.24.2.11 - - [25/Oct/2022:18:21:19 +0000] ""GET /defense.php HTTP/1.1"" 404 435 ""-"" ""gobuster/3.2.0-dev""","/var/log/apache2/access.log","Web_Server"
"Oct 26, 2022 @ 02:22:52.190","172.24.2.11 - - [25/Oct/2022:18:21:19 +0000] ""GET /samba.php HTTP/1.1"" 404 435 ""-"" ""gobuster/3.2.0-dev""","/var/log/apache2/access.log","Web_Server"
"Oct 26, 2022 @ 02:22:52.190","172.24.2.11 - - [25/Oct/2022:18:21:19 +0000] ""GET /samba HTTP/1.1"" 404 435 ""-"" ""gobuster/3.2.0-dev""","/var/log/apache2/access.log","Web_Server"
"Oct 26, 2022 @ 02:22:52.190","172.24.2.11 - - [25/Oct/2022:18:21:19 +0000] ""GET /icon_profile HTTP/1.1"" 404 435 ""-"" ""gobuster/3.2.0-dev""","/var/log/apache2/access.log","Web_Server"
"Oct 26, 2022 @ 02:22:52.190","172.24.2.11 - - [25/Oct/2022:18:21:19 +0000] ""GET /top_right HTTP/1.1"" 404 435 ""-"" ""gobuster/3.2.0-dev""","/var/log/apache2/access.log","Web_Server"
"Oct 26, 2022 @ 02:22:52.190","172.24.2.11 - - [25/Oct/2022:18:21:19 +0000] ""GET /base HTTP/1.1"" 404 435 ""-"" ""gobuster/3.2.0-dev""","/var/log/apache2/access.log","Web_Server"
"Oct 26, 2022 @ 02:22:52.190","172.24.2.11 - - [25/Oct/2022:18:21:19 +0000] ""GET /malware HTTP/1.1"" 404 435 ""-"" ""gobuster/3.2.0-dev""","/var/log/apache2/access.log","Web_Server"
"Oct 26, 2022 @ 02:22:52.190","172.24.2.11 - - [25/Oct/2022:18:21:19 +0000] ""GET /malware.php HTTP/1.1"" 404 435 ""-"" ""gobuster/3.2.0-dev""","/var/log/apache2/access.log","Web_Server"
"Oct 26, 2022 @ 02:22:52.190","172.24.2.11 - - [25/Oct/2022:18:21:19 +0000] ""GET /General HTTP/1.1"" 404 435 ""-"" ""gobuster/3.2.0-dev""","/var/log/apache2/access.log","Web_Server"
"Oct 26, 2022 @ 02:22:52.190","172.24.2.11 - - [25/Oct/2022:18:21:19 +0000] ""GET /General.php HTTP/1.1"" 404 435 ""-"" ""gobuster/3.2.0-dev""","/var/log/apache2/access.log","Web_Server"
"Oct 26, 2022 @ 02:22:52.190","172.24.2.11 - - [25/Oct/2022:18:21:19 +0000] ""GET /base.php HTTP/1.1"" 404 435 ""-"" ""gobuster/3.2.0-dev""","/var/log/apache2/access.log","Web_Server"
"Oct 26, 2022 @ 02:22:52.190","172.24.2.11 - - [25/Oct/2022:18:21:19 +0000] ""GET /aup.php HTTP/1.1"" 404 435 ""-"" ""gobuster/3.2.0-dev""","/var/log/apache2/access.log","Web_Server"
"Oct 26, 2022 @ 02:22:52.190","172.24.2.11 - - [25/Oct/2022:18:21:19 +0000] ""GET /top_right.php HTTP/1.1"" 404 435 ""-"" ""gobuster/3.2.0-dev""","/var/log/apache2/access.log","Web_Server"
"Oct 26, 2022 @ 02:22:52.190","172.24.2.11 - - [25/Oct/2022:18:21:19 +0000] ""GET /biz HTTP/1.1"" 404 435 ""-"" ""gobuster/3.2.0-dev""","/var/log/apache2/access.log","Web_Server"
"Oct 26, 2022 @ 02:22:52.190","172.24.2.11 - - [25/Oct/2022:18:21:19 +0000] ""GET /biz.php HTTP/1.1"" 404 435 ""-"" ""gobuster/3.2.0-dev""","/var/log/apache2/access.log","Web_Server"
"Oct 26, 2022 @ 02:22:52.190","172.24.2.11 - - [25/Oct/2022:18:21:19 +0000] ""GET /249 HTTP/1.1"" 404 435 ""-"" ""gobuster/3.2.0-dev""","/var/log/apache2/access.log","Web_Server"
"Oct 26, 2022 @ 02:22:52.190","172.24.2.11 - - [25/Oct/2022:18:21:19 +0000] ""GET /en-US HTTP/1.1"" 404 435 ""-"" ""gobuster/3.2.0-dev""","/var/log/apache2/access.log","Web_Server"
"Oct 26, 2022 @ 02:22:52.189","172.24.2.11 - - [25/Oct/2022:18:21:19 +0000] ""GET /bondage HTTP/1.1"" 404 435 ""-"" ""gobuster/3.2.0-dev""","/var/log/apache2/access.log","Web_Server"
"Oct 26, 2022 @ 02:22:52.189","172.24.2.11 - - [25/Oct/2022:18:21:19 +0000] ""GET /icon_print.php HTTP/1.1"" 404 435 ""-"" ""gobuster/3.2.0-dev""","/var/log/apache2/access.log","Web_Server"
"Oct 26, 2022 @ 02:22:52.189","172.24.2.11 - - [25/Oct/2022:18:21:19 +0000] ""GET /icon_print HTTP/1.1"" 404 435 ""-"" ""gobuster/3.2.0-dev""","/var/log/apache2/access.log","Web_Server"
"Oct 26, 2022 @ 02:22:52.189","172.24.2.11 - - [25/Oct/2022:18:21:19 +0000] ""GET /produkte HTTP/1.1"" 404 435 ""-"" ""gobuster/3.2.0-dev""","/var/log/apache2/access.log","Web_Server"
"Oct 26, 2022 @ 02:22:52.189","172.24.2.11 - - [25/Oct/2022:18:21:19 +0000] ""GET /webhosting HTTP/1.1"" 404 435 ""-"" ""gobuster/3.2.0-dev""","/var/log/apache2/access.log","Web_Server"
"Oct 26, 2022 @ 02:22:50.924","172.24.2.11 - - [25/Oct/2022:18:21:19 +0000] ""GET /webhosting.php HTTP/1.1"" 404 435 ""-"" ""gobuster/3.2.0-dev""","/var/log/apache2/access.log","Web_Server"
"Oct 26, 2022 @ 02:22:50.924","172.24.2.11 - - [25/Oct/2022:18:21:19 +0000] ""GET /pm.php HTTP/1.1"" 404 435 ""-"" ""gobuster/3.2.0-dev""","/var/log/apache2/access.log","Web_Server"
"Oct 26, 2022 @ 02:22:50.923","172.24.2.11 - - [25/Oct/2022:18:21:18 +0000] ""GET /Z.php HTTP/1.1"" 404 435 ""-"" ""gobuster/3.2.0-dev""","/var/log/apache2/access.log","Web_Server"
"Oct 26, 2022 @ 02:22:50.923","172.24.2.11 - - [25/Oct/2022:18:21:19 +0000] ""GET /phoenix.php HTTP/1.1"" 404 435 ""-"" ""gobuster/3.2.0-dev""","/var/log/apache2/access.log","Web_Server"
"Oct 26, 2022 @ 02:22:50.923","172.24.2.11 - - [25/Oct/2022:18:21:19 +0000] ""GET /318.php HTTP/1.1"" 404 435 ""-"" ""gobuster/3.2.0-dev""","/var/log/apache2/access.log","Web_Server"
"Oct 26, 2022 @ 02:22:50.923","172.24.2.11 - - [25/Oct/2022:18:21:19 +0000] ""GET /rssfeed HTTP/1.1"" 404 435 ""-"" ""gobuster/3.2.0-dev""","/var/log/apache2/access.log","Web_Server"
"Oct 26, 2022 @ 02:22:50.923","172.24.2.11 - - [25/Oct/2022:18:21:19 +0000] ""GET /phoenix HTTP/1.1"" 404 435 ""-"" ""gobuster/3.2.0-dev""","/var/log/apache2/access.log","Web_Server"
"Oct 26, 2022 @ 02:22:50.923","172.24.2.11 - - [25/Oct/2022:18:21:19 +0000] ""GET /p2p HTTP/1.1"" 404 435 ""-"" ""gobuster/3.2.0-dev""","/var/log/apache2/access.log","Web_Server"
"Oct 26, 2022 @ 02:22:50.923","172.24.2.11 - - [25/Oct/2022:18:21:19 +0000] ""GET /416 HTTP/1.1"" 404 435 ""-"" ""gobuster/3.2.0-dev""","/var/log/apache2/access.log","Web_Server"
"Oct 26, 2022 @ 02:22:50.923","172.24.2.11 - - [25/Oct/2022:18:21:19 +0000] ""GET /416.php HTTP/1.1"" 404 435 ""-"" ""gobuster/3.2.0-dev""","/var/log/apache2/access.log","Web_Server"
"Oct 26, 2022 @ 02:22:50.923","172.24.2.11 - - [25/Oct/2022:18:21:19 +0000] ""GET /419 HTTP/1.1"" 404 435 ""-"" ""gobuster/3.2.0-dev""","/var/log/apache2/access.log","Web_Server"
"Oct 26, 2022 @ 02:22:50.923","172.24.2.11 - - [25/Oct/2022:18:21:19 +0000] ""GET /309 HTTP/1.1"" 404 435 ""-"" ""gobuster/3.2.0-dev""","/var/log/apache2/access.log","Web_Server"
"Oct 26, 2022 @ 02:22:50.923","172.24.2.11 - - [25/Oct/2022:18:21:19 +0000] ""GET /rssfeed.php HTTP/1.1"" 404 435 ""-"" ""gobuster/3.2.0-dev""","/var/log/apache2/access.log","Web_Server"
"Oct 26, 2022 @ 02:22:50.923","172.24.2.11 - - [25/Oct/2022:18:21:19 +0000] ""GET /419.php HTTP/1.1"" 404 435 ""-"" ""gobuster/3.2.0-dev""","/var/log/apache2/access.log","Web_Server"
"Oct 26, 2022 @ 02:22:50.923","172.24.2.11 - - [25/Oct/2022:18:21:19 +0000] ""GET /309.php HTTP/1.1"" 404 435 ""-"" ""gobuster/3.2.0-dev""","/var/log/apache2/access.log","Web_Server"
"Oct 26, 2022 @ 02:22:50.923","172.24.2.11 - - [25/Oct/2022:18:21:19 +0000] ""GET /siteIndex HTTP/1.1"" 404 435 ""-"" ""gobuster/3.2.0-dev""","/var/log/apache2/access.log","Web_Server"
"Oct 26, 2022 @ 02:22:50.923","172.24.2.11 - - [25/Oct/2022:18:21:19 +0000] ""GET /bondage.php HTTP/1.1"" 404 435 ""-"" ""gobuster/3.2.0-dev""","/var/log/apache2/access.log","Web_Server"
"Oct 26, 2022 @ 02:22:50.923","172.24.2.11 - - [25/Oct/2022:18:21:19 +0000] ""GET /defense HTTP/1.1"" 404 435 ""-"" ""gobuster/3.2.0-dev""","/var/log/apache2/access.log","Web_Server"
"Oct 26, 2022 @ 02:22:50.923","172.24.2.11 - - [25/Oct/2022:18:21:19 +0000] ""GET /pm HTTP/1.1"" 404 435 ""-"" ""gobuster/3.2.0-dev""","/var/log/apache2/access.log","Web_Server"
"Oct 26, 2022 @ 02:22:50.923","172.24.2.11 - - [25/Oct/2022:18:21:19 +0000] ""GET /siteIndex.php HTTP/1.1"" 404 435 ""-"" ""gobuster/3.2.0-dev""","/var/log/apache2/access.log","Web_Server"
"Oct 26, 2022 @ 02:22:50.923","172.24.2.11 - - [25/Oct/2022:18:21:19 +0000] ""GET /p2p.php HTTP/1.1"" 404 435 ""-"" ""gobuster/3.2.0-dev""","/var/log/apache2/access.log","Web_Server"
"Oct 26, 2022 @ 02:22:50.922","172.24.2.11 - - [25/Oct/2022:18:21:18 +0000] ""GET /hockey.php HTTP/1.1"" 404 435 ""-"" ""gobuster/3.2.0-dev""","/var/log/apache2/access.log","Web_Server"
"Oct 26, 2022 @ 02:22:50.922","172.24.2.11 - - [25/Oct/2022:18:21:18 +0000] ""GET /webcam HTTP/1.1"" 404 435 ""-"" ""gobuster/3.2.0-dev""","/var/log/apache2/access.log","Web_Server"
"Oct 26, 2022 @ 02:22:50.922","172.24.2.11 - - [25/Oct/2022:18:21:18 +0000] ""GET /index_html HTTP/1.1"" 404 435 ""-"" ""gobuster/3.2.0-dev""","/var/log/apache2/access.log","Web_Server"
"Oct 26, 2022 @ 02:22:50.922","172.24.2.11 - - [25/Oct/2022:18:21:18 +0000] ""GET /webcam.php HTTP/1.1"" 404 435 ""-"" ""gobuster/3.2.0-dev""","/var/log/apache2/access.log","Web_Server"
"Oct 26, 2022 @ 02:22:50.922","172.24.2.11 - - [25/Oct/2022:18:21:18 +0000] ""GET /266 HTTP/1.1"" 404 435 ""-"" ""gobuster/3.2.0-dev""","/var/log/apache2/access.log","Web_Server"
"Oct 26, 2022 @ 02:22:50.922","172.24.2.11 - - [25/Oct/2022:18:21:18 +0000] ""GET /266.php HTTP/1.1"" 404 435 ""-"" ""gobuster/3.2.0-dev""","/var/log/apache2/access.log","Web_Server"
"Oct 26, 2022 @ 02:22:50.922","172.24.2.11 - - [25/Oct/2022:18:21:18 +0000] ""GET /bd HTTP/1.1"" 404 435 ""-"" ""gobuster/3.2.0-dev""","/var/log/apache2/access.log","Web_Server"
"Oct 26, 2022 @ 02:22:50.922","172.24.2.11 - - [25/Oct/2022:18:21:18 +0000] ""GET /index_html.php HTTP/1.1"" 404 435 ""-"" ""gobuster/3.2.0-dev""","/var/log/apache2/access.log","Web_Server"
"Oct 26, 2022 @ 02:22:50.922","172.24.2.11 - - [25/Oct/2022:18:21:18 +0000] ""GET /242 HTTP/1.1"" 404 435 ""-"" ""gobuster/3.2.0-dev""","/var/log/apache2/access.log","Web_Server"
"Oct 26, 2022 @ 02:22:50.922","172.24.2.11 - - [25/Oct/2022:18:21:18 +0000] ""GET /russia HTTP/1.1"" 404 435 ""-"" ""gobuster/3.2.0-dev""","/var/log/apache2/access.log","Web_Server"
"Oct 26, 2022 @ 02:22:50.922","172.24.2.11 - - [25/Oct/2022:18:21:18 +0000] ""GET /318 HTTP/1.1"" 404 435 ""-"" ""gobuster/3.2.0-dev""","/var/log/apache2/access.log","Web_Server"
"Oct 26, 2022 @ 02:22:50.922","172.24.2.11 - - [25/Oct/2022:18:21:18 +0000] ""GET /242.php HTTP/1.1"" 404 435 ""-"" ""gobuster/3.2.0-dev""","/var/log/apache2/access.log","Web_Server"
"Oct 26, 2022 @ 02:22:50.922","172.24.2.11 - - [25/Oct/2022:18:21:18 +0000] ""GET /bd.php HTTP/1.1"" 404 435 ""-"" ""gobuster/3.2.0-dev""","/var/log/apache2/access.log","Web_Server"
"Oct 26, 2022 @ 02:22:50.922","172.24.2.11 - - [25/Oct/2022:18:21:18 +0000] ""GET /Z HTTP/1.1"" 404 435 ""-"" ""gobuster/3.2.0-dev""","/var/log/apache2/access.log","Web_Server"
"Oct 26, 2022 @ 02:22:50.922","172.24.2.11 - - [25/Oct/2022:18:21:18 +0000] ""GET /russia.php HTTP/1.1"" 404 435 ""-"" ""gobuster/3.2.0-dev""","/var/log/apache2/access.log","Web_Server"
"Oct 26, 2022 @ 02:22:50.578","172.24.2.11 - - [25/Oct/2022:18:21:18 +0000] ""GET /filter HTTP/1.1"" 404 435 ""-"" ""gobuster/3.2.0-dev""","/var/log/apache2/access.log","Web_Server"
"Oct 26, 2022 @ 02:22:50.577","172.24.2.11 - - [25/Oct/2022:18:21:18 +0000] ""GET /intm HTTP/1.1"" 404 435 ""-"" ""gobuster/3.2.0-dev""","/var/log/apache2/access.log","Web_Server"
"Oct 26, 2022 @ 02:22:50.577","172.24.2.11 - - [25/Oct/2022:18:21:18 +0000] ""GET /opera.php HTTP/1.1"" 404 435 ""-"" ""gobuster/3.2.0-dev""","/var/log/apache2/access.log","Web_Server"
"Oct 26, 2022 @ 02:22:50.577","172.24.2.11 - - [25/Oct/2022:18:21:18 +0000] ""GET /philosophy HTTP/1.1"" 404 435 ""-"" ""gobuster/3.2.0-dev""","/var/log/apache2/access.log","Web_Server"
"Oct 26, 2022 @ 02:22:50.577","172.24.2.11 - - [25/Oct/2022:18:21:18 +0000] ""GET /goals.php HTTP/1.1"" 404 435 ""-"" ""gobuster/3.2.0-dev""","/var/log/apache2/access.log","Web_Server"
"Oct 26, 2022 @ 02:22:50.577","172.24.2.11 - - [25/Oct/2022:18:21:18 +0000] ""GET /philosophy.php HTTP/1.1"" 404 435 ""-"" ""gobuster/3.2.0-dev""","/var/log/apache2/access.log","Web_Server"
"Oct 26, 2022 @ 02:22:50.577","172.24.2.11 - - [25/Oct/2022:18:21:18 +0000] ""GET /hockey HTTP/1.1"" 404 435 ""-"" ""gobuster/3.2.0-dev""","/var/log/apache2/access.log","Web_Server"
"Oct 26, 2022 @ 02:22:50.577","172.24.2.11 - - [25/Oct/2022:18:21:18 +0000] ""GET /World HTTP/1.1"" 404 435 ""-"" ""gobuster/3.2.0-dev""","/var/log/apache2/access.log","Web_Server"
"Oct 26, 2022 @ 02:22:50.577","172.24.2.11 - - [25/Oct/2022:18:21:18 +0000] ""GET /World.php HTTP/1.1"" 404 435 ""-"" ""gobuster/3.2.0-dev""","/var/log/apache2/access.log","Web_Server"
"Oct 26, 2022 @ 02:22:50.577","172.24.2.11 - - [25/Oct/2022:18:21:18 +0000] ""GET /filter.php HTTP/1.1"" 404 435 ""-"" ""gobuster/3.2.0-dev""","/var/log/apache2/access.log","Web_Server"
"Oct 26, 2022 @ 02:22:50.577","172.24.2.11 - - [25/Oct/2022:18:21:18 +0000] ""GET /webdesign HTTP/1.1"" 404 435 ""-"" ""gobuster/3.2.0-dev""","/var/log/apache2/access.log","Web_Server"
"Oct 26, 2022 @ 02:22:50.577","172.24.2.11 - - [25/Oct/2022:18:21:18 +0000] ""GET /process HTTP/1.1"" 404 435 ""-"" ""gobuster/3.2.0-dev""","/var/log/apache2/access.log","Web_Server"
"Oct 26, 2022 @ 02:22:50.577","172.24.2.11 - - [25/Oct/2022:18:21:18 +0000] ""GET /process.php HTTP/1.1"" 404 435 ""-"" ""gobuster/3.2.0-dev""","/var/log/apache2/access.log","Web_Server"
"Oct 26, 2022 @ 02:22:50.577","172.24.2.11 - - [25/Oct/2022:18:21:18 +0000] ""GET /webdesign.php HTTP/1.1"" 404 435 ""-"" ""gobuster/3.2.0-dev""","/var/log/apache2/access.log","Web_Server"
"Oct 26, 2022 @ 02:22:49.821","172.24.2.11 - - [25/Oct/2022:18:21:18 +0000] ""GET /opera HTTP/1.1"" 404 435 ""-"" ""gobuster/3.2.0-dev""","/var/log/apache2/access.log","Web_Server"
"Oct 26, 2022 @ 02:22:49.821","172.24.2.11 - - [25/Oct/2022:18:21:18 +0000] ""GET /intm.php HTTP/1.1"" 404 435 ""-"" ""gobuster/3.2.0-dev""","/var/log/apache2/access.log","Web_Server"
"Oct 26, 2022 @ 02:22:49.821","172.24.2.11 - - [25/Oct/2022:18:21:18 +0000] ""GET /goals HTTP/1.1"" 404 435 ""-"" ""gobuster/3.2.0-dev""","/var/log/apache2/access.log","Web_Server"
"Oct 26, 2022 @ 02:22:49.820","172.24.2.11 - - [25/Oct/2022:18:21:18 +0000] ""GET /print_icon HTTP/1.1"" 404 435 ""-"" ""gobuster/3.2.0-dev""","/var/log/apache2/access.log","Web_Server"
"Oct 26, 2022 @ 02:22:49.820","172.24.2.11 - - [25/Oct/2022:18:21:18 +0000] ""GET /267 HTTP/1.1"" 404 435 ""-"" ""gobuster/3.2.0-dev""","/var/log/apache2/access.log","Web_Server"
"Oct 26, 2022 @ 02:22:49.820","172.24.2.11 - - [25/Oct/2022:18:21:18 +0000] ""GET /267.php HTTP/1.1"" 404 435 ""-"" ""gobuster/3.2.0-dev""","/var/log/apache2/access.log","Web_Server"
"Oct 26, 2022 @ 02:22:49.820","172.24.2.11 - - [25/Oct/2022:18:21:18 +0000] ""GET /siteMap HTTP/1.1"" 404 435 ""-"" ""gobuster/3.2.0-dev""","/var/log/apache2/access.log","Web_Server"
"Oct 26, 2022 @ 02:22:49.820","172.24.2.11 - - [25/Oct/2022:18:21:18 +0000] ""GET /navbar.php HTTP/1.1"" 404 435 ""-"" ""gobuster/3.2.0-dev""","/var/log/apache2/access.log","Web_Server"
"Oct 26, 2022 @ 02:22:49.820","172.24.2.11 - - [25/Oct/2022:18:21:18 +0000] ""GET /siteMap.php HTTP/1.1"" 404 435 ""-"" ""gobuster/3.2.0-dev""","/var/log/apache2/access.log","Web_Server"
"Oct 26, 2022 @ 02:22:49.820","172.24.2.11 - - [25/Oct/2022:18:21:18 +0000] ""GET /print_icon.php HTTP/1.1"" 404 435 ""-"" ""gobuster/3.2.0-dev""","/var/log/apache2/access.log","Web_Server"
"Oct 26, 2022 @ 02:22:49.820","172.24.2.11 - - [25/Oct/2022:18:21:18 +0000] ""GET /mag HTTP/1.1"" 404 435 ""-"" ""gobuster/3.2.0-dev""","/var/log/apache2/access.log","Web_Server"
"Oct 26, 2022 @ 02:22:49.820","172.24.2.11 - - [25/Oct/2022:18:21:18 +0000] ""GET /plan.php HTTP/1.1"" 404 435 ""-"" ""gobuster/3.2.0-dev""","/var/log/apache2/access.log","Web_Server"
"Oct 26, 2022 @ 02:22:49.820","172.24.2.11 - - [25/Oct/2022:18:21:18 +0000] ""GET /plan HTTP/1.1"" 404 435 ""-"" ""gobuster/3.2.0-dev""","/var/log/apache2/access.log","Web_Server"
"Oct 26, 2022 @ 02:22:49.820","172.24.2.11 - - [25/Oct/2022:18:21:18 +0000] ""GET /263 HTTP/1.1"" 404 435 ""-"" ""gobuster/3.2.0-dev""","/var/log/apache2/access.log","Web_Server"
"Oct 26, 2022 @ 02:22:49.820","172.24.2.11 - - [25/Oct/2022:18:21:18 +0000] ""GET /263.php HTTP/1.1"" 404 435 ""-"" ""gobuster/3.2.0-dev""","/var/log/apache2/access.log","Web_Server"
"Oct 26, 2022 @ 02:22:49.820","172.24.2.11 - - [25/Oct/2022:18:21:18 +0000] ""GET /vpn HTTP/1.1"" 404 435 ""-"" ""gobuster/3.2.0-dev""","/var/log/apache2/access.log","Web_Server"
"Oct 26, 2022 @ 02:22:49.820","172.24.2.11 - - [25/Oct/2022:18:21:18 +0000] ""GET /mag.php HTTP/1.1"" 404 435 ""-"" ""gobuster/3.2.0-dev""","/var/log/apache2/access.log","Web_Server"
"Oct 26, 2022 @ 02:22:49.820","172.24.2.11 - - [25/Oct/2022:18:21:18 +0000] ""GET /vpn.php HTTP/1.1"" 404 435 ""-"" ""gobuster/3.2.0-dev""","/var/log/apache2/access.log","Web_Server"
"Oct 26, 2022 @ 02:22:49.820","172.24.2.11 - - [25/Oct/2022:18:21:18 +0000] ""GET /tellafriend HTTP/1.1"" 404 435 ""-"" ""gobuster/3.2.0-dev""","/var/log/apache2/access.log","Web_Server"
"Oct 26, 2022 @ 02:22:49.820","172.24.2.11 - - [25/Oct/2022:18:21:18 +0000] ""GET /tt.php HTTP/1.1"" 404 435 ""-"" ""gobuster/3.2.0-dev""","/var/log/apache2/access.log","Web_Server"
"Oct 26, 2022 @ 02:22:49.820","172.24.2.11 - - [25/Oct/2022:18:21:18 +0000] ""GET /tt HTTP/1.1"" 404 435 ""-"" ""gobuster/3.2.0-dev""","/var/log/apache2/access.log","Web_Server"
"Oct 26, 2022 @ 02:22:49.820","172.24.2.11 - - [25/Oct/2022:18:21:18 +0000] ""GET /stars HTTP/1.1"" 404 435 ""-"" ""gobuster/3.2.0-dev""","/var/log/apache2/access.log","Web_Server"
"Oct 26, 2022 @ 02:22:49.820","172.24.2.11 - - [25/Oct/2022:18:21:18 +0000] ""GET /eu.php HTTP/1.1"" 404 435 ""-"" ""gobuster/3.2.0-dev""","/var/log/apache2/access.log","Web_Server"
"Oct 26, 2022 @ 02:22:49.820","172.24.2.11 - - [25/Oct/2022:18:21:18 +0000] ""GET /eu HTTP/1.1"" 404 435 ""-"" ""gobuster/3.2.0-dev""","/var/log/apache2/access.log","Web_Server"
"Oct 26, 2022 @ 02:22:49.820","172.24.2.11 - - [25/Oct/2022:18:21:18 +0000] ""GET /stars.php HTTP/1.1"" 404 435 ""-"" ""gobuster/3.2.0-dev""","/var/log/apache2/access.log","Web_Server"
"Oct 26, 2022 @ 02:22:49.820","172.24.2.11 - - [25/Oct/2022:18:21:18 +0000] ""GET /tellafriend.php HTTP/1.1"" 404 435 ""-"" ""gobuster/3.2.0-dev""","/var/log/apache2/access.log","Web_Server"
"Oct 26, 2022 @ 02:22:49.819","172.24.2.11 - - [25/Oct/2022:18:21:18 +0000] ""GET /setup.php HTTP/1.1"" 404 435 ""-"" ""gobuster/3.2.0-dev""","/var/log/apache2/access.log","Web_Server"
"Oct 26, 2022 @ 02:22:49.819","172.24.2.11 - - [25/Oct/2022:18:21:18 +0000] ""GET /bc HTTP/1.1"" 404 435 ""-"" ""gobuster/3.2.0-dev""","/var/log/apache2/access.log","Web_Server"
"Oct 26, 2022 @ 02:22:49.819","172.24.2.11 - - [25/Oct/2022:18:21:18 +0000] ""GET /setup HTTP/1.1"" 404 435 ""-"" ""gobuster/3.2.0-dev""","/var/log/apache2/access.log","Web_Server"
"Oct 26, 2022 @ 02:22:49.819","172.24.2.11 - - [25/Oct/2022:18:21:18 +0000] ""GET /Q.php HTTP/1.1"" 404 435 ""-"" ""gobuster/3.2.0-dev""","/var/log/apache2/access.log","Web_Server"
"Oct 26, 2022 @ 02:22:49.819","172.24.2.11 - - [25/Oct/2022:18:21:18 +0000] ""GET /256.php HTTP/1.1"" 404 435 ""-"" ""gobuster/3.2.0-dev""","/var/log/apache2/access.log","Web_Server"
"Oct 26, 2022 @ 02:22:49.819","172.24.2.11 - - [25/Oct/2022:18:21:18 +0000] ""GET /246.php HTTP/1.1"" 404 435 ""-"" ""gobuster/3.2.0-dev""","/var/log/apache2/access.log","Web_Server"
"Oct 26, 2022 @ 02:22:49.819","172.24.2.11 - - [25/Oct/2022:18:21:18 +0000] ""GET /246 HTTP/1.1"" 404 435 ""-"" ""gobuster/3.2.0-dev""","/var/log/apache2/access.log","Web_Server"
"Oct 26, 2022 @ 02:22:49.819","172.24.2.11 - - [25/Oct/2022:18:21:18 +0000] ""GET /Q HTTP/1.1"" 404 435 ""-"" ""gobuster/3.2.0-dev""","/var/log/apache2/access.log","Web_Server"
"Oct 26, 2022 @ 02:22:49.819","172.24.2.11 - - [25/Oct/2022:18:21:18 +0000] ""GET /323 HTTP/1.1"" 404 435 ""-"" ""gobuster/3.2.0-dev""","/var/log/apache2/access.log","Web_Server"
"Oct 26, 2022 @ 02:22:49.819","172.24.2.11 - - [25/Oct/2022:18:21:18 +0000] ""GET /promotion.php HTTP/1.1"" 404 435 ""-"" ""gobuster/3.2.0-dev""","/var/log/apache2/access.log","Web_Server"
"Oct 26, 2022 @ 02:22:49.819","172.24.2.11 - - [25/Oct/2022:18:21:18 +0000] ""GET /bc.php HTTP/1.1"" 404 435 ""-"" ""gobuster/3.2.0-dev""","/var/log/apache2/access.log","Web_Server"
"Oct 26, 2022 @ 02:22:49.819","172.24.2.11 - - [25/Oct/2022:18:21:18 +0000] ""GET /promotion HTTP/1.1"" 404 435 ""-"" ""gobuster/3.2.0-dev""","/var/log/apache2/access.log","Web_Server"
"Oct 26, 2022 @ 02:22:49.819","172.24.2.11 - - [25/Oct/2022:18:21:18 +0000] ""GET /power.php HTTP/1.1"" 404 435 ""-"" ""gobuster/3.2.0-dev""","/var/log/apache2/access.log","Web_Server"
"Oct 26, 2022 @ 02:22:49.819","172.24.2.11 - - [25/Oct/2022:18:21:18 +0000] ""GET /323.php HTTP/1.1"" 404 435 ""-"" ""gobuster/3.2.0-dev""","/var/log/apache2/access.log","Web_Server"
"Oct 26, 2022 @ 02:22:49.819","172.24.2.11 - - [25/Oct/2022:18:21:18 +0000] ""GET /chinese.php HTTP/1.1"" 404 435 ""-"" ""gobuster/3.2.0-dev""","/var/log/apache2/access.log","Web_Server"
"Oct 26, 2022 @ 02:22:49.819","172.24.2.11 - - [25/Oct/2022:18:21:18 +0000] ""GET /power HTTP/1.1"" 404 435 ""-"" ""gobuster/3.2.0-dev""","/var/log/apache2/access.log","Web_Server"
"Oct 26, 2022 @ 02:22:49.819","172.24.2.11 - - [25/Oct/2022:18:21:18 +0000] ""GET /chinese HTTP/1.1"" 404 435 ""-"" ""gobuster/3.2.0-dev""","/var/log/apache2/access.log","Web_Server"
"Oct 26, 2022 @ 02:22:49.819","172.24.2.11 - - [25/Oct/2022:18:21:18 +0000] ""GET /news_events HTTP/1.1"" 404 435 ""-"" ""gobuster/3.2.0-dev""","/var/log/apache2/access.log","Web_Server"
"Oct 26, 2022 @ 02:22:49.819","172.24.2.11 - - [25/Oct/2022:18:21:18 +0000] ""GET /news_events.php HTTP/1.1"" 404 435 ""-"" ""gobuster/3.2.0-dev""","/var/log/apache2/access.log","Web_Server"
"Oct 26, 2022 @ 02:22:49.819","172.24.2.11 - - [25/Oct/2022:18:21:18 +0000] ""GET /customerservice HTTP/1.1"" 404 435 ""-"" ""gobuster/3.2.0-dev""","/var/log/apache2/access.log","Web_Server"
"Oct 26, 2022 @ 02:22:49.819","172.24.2.11 - - [25/Oct/2022:18:21:18 +0000] ""GET /customerservice.php HTTP/1.1"" 404 435 ""-"" ""gobuster/3.2.0-dev""","/var/log/apache2/access.log","Web_Server"
"Oct 26, 2022 @ 02:22:49.819","172.24.2.11 - - [25/Oct/2022:18:21:18 +0000] ""GET /navbar HTTP/1.1"" 404 435 ""-"" ""gobuster/3.2.0-dev""","/var/log/apache2/access.log","Web_Server"
"Oct 26, 2022 @ 02:22:49.818","172.24.2.11 - - [25/Oct/2022:18:21:18 +0000] ""GET /highlights HTTP/1.1"" 404 435 ""-"" ""gobuster/3.2.0-dev""","/var/log/apache2/access.log","Web_Server"
"Oct 26, 2022 @ 02:22:49.818","172.24.2.11 - - [25/Oct/2022:18:21:18 +0000] ""GET /256 HTTP/1.1"" 404 435 ""-"" ""gobuster/3.2.0-dev""","/var/log/apache2/access.log","Web_Server"
"Oct 26, 2022 @ 02:22:48.408","172.24.2.11 - - [25/Oct/2022:18:21:18 +0000] ""GET /History HTTP/1.1"" 404 435 ""-"" ""gobuster/3.2.0-dev""","/var/log/apache2/access.log","Web_Server"
"Oct 26, 2022 @ 02:22:48.408","172.24.2.11 - - [25/Oct/2022:18:21:18 +0000] ""GET /showimg HTTP/1.1"" 404 435 ""-"" ""gobuster/3.2.0-dev""","/var/log/apache2/access.log","Web_Server"
"Oct 26, 2022 @ 02:22:48.408","172.24.2.11 - - [25/Oct/2022:18:21:18 +0000] ""GET /highlights.php HTTP/1.1"" 404 435 ""-"" ""gobuster/3.2.0-dev""","/var/log/apache2/access.log","Web_Server"
"Oct 26, 2022 @ 02:22:48.408","172.24.2.11 - - [25/Oct/2022:18:21:18 +0000] ""GET /audit.php HTTP/1.1"" 404 435 ""-"" ""gobuster/3.2.0-dev""","/var/log/apache2/access.log","Web_Server"
"Oct 26, 2022 @ 02:22:48.407","172.24.2.11 - - [25/Oct/2022:18:21:18 +0000] ""GET /living.php HTTP/1.1"" 404 435 ""-"" ""gobuster/3.2.0-dev""","/var/log/apache2/access.log","Web_Server"
"Oct 26, 2022 @ 02:22:48.407","172.24.2.11 - - [25/Oct/2022:18:21:18 +0000] ""GET /domains.php HTTP/1.1"" 404 435 ""-"" ""gobuster/3.2.0-dev""","/var/log/apache2/access.log","Web_Server"
"Oct 26, 2022 @ 02:22:48.407","172.24.2.11 - - [25/Oct/2022:18:21:18 +0000] ""GET /253 HTTP/1.1"" 404 435 ""-"" ""gobuster/3.2.0-dev""","/var/log/apache2/access.log","Web_Server"
"Oct 26, 2022 @ 02:22:48.407","172.24.2.11 - - [25/Oct/2022:18:21:18 +0000] ""GET /tl HTTP/1.1"" 404 435 ""-"" ""gobuster/3.2.0-dev""","/var/log/apache2/access.log","Web_Server"
"Oct 26, 2022 @ 02:22:48.407","172.24.2.11 - - [25/Oct/2022:18:21:18 +0000] ""GET /phentermine.php HTTP/1.1"" 404 435 ""-"" ""gobuster/3.2.0-dev""","/var/log/apache2/access.log","Web_Server"
"Oct 26, 2022 @ 02:22:48.407","172.24.2.11 - - [25/Oct/2022:18:21:18 +0000] ""GET /living HTTP/1.1"" 404 435 ""-"" ""gobuster/3.2.0-dev""","/var/log/apache2/access.log","Web_Server"
"Oct 26, 2022 @ 02:22:48.407","172.24.2.11 - - [25/Oct/2022:18:21:18 +0000] ""GET /217.php HTTP/1.1"" 404 435 ""-"" ""gobuster/3.2.0-dev""","/var/log/apache2/access.log","Web_Server"
"Oct 26, 2022 @ 02:22:48.407","172.24.2.11 - - [25/Oct/2022:18:21:18 +0000] ""GET /references.php HTTP/1.1"" 404 435 ""-"" ""gobuster/3.2.0-dev""","/var/log/apache2/access.log","Web_Server"
"Oct 26, 2022 @ 02:22:48.407","172.24.2.11 - - [25/Oct/2022:18:21:18 +0000] ""GET /217 HTTP/1.1"" 404 435 ""-"" ""gobuster/3.2.0-dev""","/var/log/apache2/access.log","Web_Server"
"Oct 26, 2022 @ 02:22:48.407","172.24.2.11 - - [25/Oct/2022:18:21:18 +0000] ""GET /1994.php HTTP/1.1"" 404 435 ""-"" ""gobuster/3.2.0-dev""","/var/log/apache2/access.log","Web_Server"
"Oct 26, 2022 @ 02:22:48.407","172.24.2.11 - - [25/Oct/2022:18:21:18 +0000] ""GET /tl.php HTTP/1.1"" 404 435 ""-"" ""gobuster/3.2.0-dev""","/var/log/apache2/access.log","Web_Server"
"Oct 26, 2022 @ 02:22:48.407","172.24.2.11 - - [25/Oct/2022:18:21:18 +0000] ""GET /showimg.php HTTP/1.1"" 404 435 ""-"" ""gobuster/3.2.0-dev""","/var/log/apache2/access.log","Web_Server"
"Oct 26, 2022 @ 02:22:48.407","172.24.2.11 - - [25/Oct/2022:18:21:18 +0000] ""GET /references HTTP/1.1"" 404 435 ""-"" ""gobuster/3.2.0-dev""","/var/log/apache2/access.log","Web_Server"
"Oct 26, 2022 @ 02:22:48.407","172.24.2.11 - - [25/Oct/2022:18:21:18 +0000] ""GET /1994 HTTP/1.1"" 404 435 ""-"" ""gobuster/3.2.0-dev""","/var/log/apache2/access.log","Web_Server"
"Oct 26, 2022 @ 02:22:48.407","172.24.2.11 - - [25/Oct/2022:18:21:18 +0000] ""GET /rating HTTP/1.1"" 404 435 ""-"" ""gobuster/3.2.0-dev""","/var/log/apache2/access.log","Web_Server"
"Oct 26, 2022 @ 02:22:48.407","172.24.2.11 - - [25/Oct/2022:18:21:18 +0000] ""GET /audit HTTP/1.1"" 404 435 ""-"" ""gobuster/3.2.0-dev""","/var/log/apache2/access.log","Web_Server"
"Oct 26, 2022 @ 02:22:48.407","172.24.2.11 - - [25/Oct/2022:18:21:18 +0000] ""GET /History.php HTTP/1.1"" 404 435 ""-"" ""gobuster/3.2.0-dev""","/var/log/apache2/access.log","Web_Server"
"Oct 26, 2022 @ 02:22:48.407","172.24.2.11 - - [25/Oct/2022:18:21:18 +0000] ""GET /rating.php HTTP/1.1"" 404 435 ""-"" ""gobuster/3.2.0-dev""","/var/log/apache2/access.log","Web_Server"
"Oct 26, 2022 @ 02:22:48.406","172.24.2.11 - - [25/Oct/2022:18:21:18 +0000] ""GET /oreilly.php HTTP/1.1"" 404 435 ""-"" ""gobuster/3.2.0-dev""","/var/log/apache2/access.log","Web_Server"
"Oct 26, 2022 @ 02:22:48.406","172.24.2.11 - - [25/Oct/2022:18:21:18 +0000] ""GET /125x125-1.php HTTP/1.1"" 404 435 ""-"" ""gobuster/3.2.0-dev""","/var/log/apache2/access.log","Web_Server"
"Oct 26, 2022 @ 02:22:48.406","172.24.2.11 - - [25/Oct/2022:18:21:18 +0000] ""GET /310 HTTP/1.1"" 404 435 ""-"" ""gobuster/3.2.0-dev""","/var/log/apache2/access.log","Web_Server"
"Oct 26, 2022 @ 02:22:48.406","172.24.2.11 - - [25/Oct/2022:18:21:18 +0000] ""GET /page3 HTTP/1.1"" 404 435 ""-"" ""gobuster/3.2.0-dev""","/var/log/apache2/access.log","Web_Server"
"Oct 26, 2022 @ 02:22:48.406","172.24.2.11 - - [25/Oct/2022:18:21:18 +0000] ""GET /memberhome.php HTTP/1.1"" 404 435 ""-"" ""gobuster/3.2.0-dev""","/var/log/apache2/access.log","Web_Server"
"Oct 26, 2022 @ 02:22:48.406","172.24.2.11 - - [25/Oct/2022:18:21:18 +0000] ""GET /310.php HTTP/1.1"" 404 435 ""-"" ""gobuster/3.2.0-dev""","/var/log/apache2/access.log","Web_Server"
"Oct 26, 2022 @ 02:22:48.406","172.24.2.11 - - [25/Oct/2022:18:21:18 +0000] ""GET /page3.php HTTP/1.1"" 404 435 ""-"" ""gobuster/3.2.0-dev""","/var/log/apache2/access.log","Web_Server"
"Oct 26, 2022 @ 02:22:48.406","172.24.2.11 - - [25/Oct/2022:18:21:18 +0000] ""GET /domains HTTP/1.1"" 404 435 ""-"" ""gobuster/3.2.0-dev""","/var/log/apache2/access.log","Web_Server"
"Oct 26, 2022 @ 02:22:48.406","172.24.2.11 - - [25/Oct/2022:18:21:18 +0000] ""GET /253.php HTTP/1.1"" 404 435 ""-"" ""gobuster/3.2.0-dev""","/var/log/apache2/access.log","Web_Server"
"Oct 26, 2022 @ 02:22:48.406","172.24.2.11 - - [25/Oct/2022:18:21:18 +0000] ""GET /phentermine HTTP/1.1"" 404 435 ""-"" ""gobuster/3.2.0-dev""","/var/log/apache2/access.log","Web_Server"
"Oct 26, 2022 @ 02:22:46.927","172.24.2.11 - - [25/Oct/2022:18:21:18 +0000] ""GET /seo HTTP/1.1"" 404 435 ""-"" ""gobuster/3.2.0-dev""","/var/log/apache2/access.log","Web_Server"
"Oct 26, 2022 @ 02:22:46.927","172.24.2.11 - - [25/Oct/2022:18:21:18 +0000] ""GET /Welcome.php HTTP/1.1"" 404 435 ""-"" ""gobuster/3.2.0-dev""","/var/log/apache2/access.log","Web_Server"
"Oct 26, 2022 @ 02:22:46.927","172.24.2.11 - - [25/Oct/2022:18:21:18 +0000] ""GET /communities.php HTTP/1.1"" 404 435 ""-"" ""gobuster/3.2.0-dev""","/var/log/apache2/access.log","Web_Server"
"Oct 26, 2022 @ 02:22:46.927","172.24.2.11 - - [25/Oct/2022:18:21:18 +0000] ""GET /125x125-1 HTTP/1.1"" 404 435 ""-"" ""gobuster/3.2.0-dev""","/var/log/apache2/access.log","Web_Server"
"Oct 26, 2022 @ 02:22:46.927","172.24.2.11 - - [25/Oct/2022:18:21:18 +0000] ""GET /memberhome HTTP/1.1"" 404 435 ""-"" ""gobuster/3.2.0-dev""","/var/log/apache2/access.log","Web_Server"
"Oct 26, 2022 @ 02:22:46.927","172.24.2.11 - - [25/Oct/2022:18:21:18 +0000] ""GET /seo.php HTTP/1.1"" 404 435 ""-"" ""gobuster/3.2.0-dev""","/var/log/apache2/access.log","Web_Server"
"Oct 26, 2022 @ 02:22:46.927","172.24.2.11 - - [25/Oct/2022:18:21:18 +0000] ""GET /communities HTTP/1.1"" 404 435 ""-"" ""gobuster/3.2.0-dev""","/var/log/apache2/access.log","Web_Server"
"Oct 26, 2022 @ 02:22:46.927","172.24.2.11 - - [25/Oct/2022:18:21:18 +0000] ""GET /oreilly HTTP/1.1"" 404 435 ""-"" ""gobuster/3.2.0-dev""","/var/log/apache2/access.log","Web_Server"
"Oct 26, 2022 @ 02:22:46.926","172.24.2.11 - - [25/Oct/2022:18:21:18 +0000] ""GET /peripherals HTTP/1.1"" 404 435 ""-"" ""gobuster/3.2.0-dev""","/var/log/apache2/access.log","Web_Server"
"Oct 26, 2022 @ 02:22:46.926","172.24.2.11 - - [25/Oct/2022:18:21:18 +0000] ""GET /infrastructure HTTP/1.1"" 404 435 ""-"" ""gobuster/3.2.0-dev""","/var/log/apache2/access.log","Web_Server"
"Oct 26, 2022 @ 02:22:46.926","172.24.2.11 - - [25/Oct/2022:18:21:18 +0000] ""GET /peripherals.php HTTP/1.1"" 404 435 ""-"" ""gobuster/3.2.0-dev""","/var/log/apache2/access.log","Web_Server"
"Oct 26, 2022 @ 02:22:46.926","172.24.2.11 - - [25/Oct/2022:18:21:18 +0000] ""GET /Travel_Products.php HTTP/1.1"" 404 435 ""-"" ""gobuster/3.2.0-dev""","/var/log/apache2/access.log","Web_Server"
"Oct 26, 2022 @ 02:22:46.926","172.24.2.11 - - [25/Oct/2022:18:21:18 +0000] ""GET /Travel_Products HTTP/1.1"" 404 435 ""-"" ""gobuster/3.2.0-dev""","/var/log/apache2/access.log","Web_Server"
"Oct 26, 2022 @ 02:22:46.926","172.24.2.11 - - [25/Oct/2022:18:21:18 +0000] ""GET /308 HTTP/1.1"" 404 435 ""-"" ""gobuster/3.2.0-dev""","/var/log/apache2/access.log","Web_Server"
"Oct 26, 2022 @ 02:22:46.926","172.24.2.11 - - [25/Oct/2022:18:21:18 +0000] ""GET /math.php HTTP/1.1"" 404 435 ""-"" ""gobuster/3.2.0-dev""","/var/log/apache2/access.log","Web_Server"
"Oct 26, 2022 @ 02:22:46.926","172.24.2.11 - - [25/Oct/2022:18:21:18 +0000] ""GET /infrastructure.php HTTP/1.1"" 404 435 ""-"" ""gobuster/3.2.0-dev""","/var/log/apache2/access.log","Web_Server"
"Oct 26, 2022 @ 02:22:46.926","172.24.2.11 - - [25/Oct/2022:18:21:18 +0000] ""GET /math HTTP/1.1"" 404 435 ""-"" ""gobuster/3.2.0-dev""","/var/log/apache2/access.log","Web_Server"
"Oct 26, 2022 @ 02:22:46.925","172.24.2.11 - - [25/Oct/2022:18:21:18 +0000] ""GET /XML.php HTTP/1.1"" 404 435 ""-"" ""gobuster/3.2.0-dev""","/var/log/apache2/access.log","Web_Server"
